{"app_version":"2023.3.1.1","scripts":[{"code":"javascript","uid":"e0270201-f5ab-4741-b06e-01fbdc776b24","name":"FailBot","short":"Fail Bot","params":{"code_js":"const conditions = {\n\tengine: {\n\t\t0: { minRunning: 0, maxFailed: 0 },\n\t\t1: { minRunning: 0, maxFailed: 1 },\n\t\t2: { minRunning: 1, maxFailed: 1 },\n\t\t3: { minRunning: 1, maxFailed: 2 },\n\t\t4: { minRunning: 1, maxFailed: 3 },\n\t}\n}\n\nconst config = {\n\tengine: {\n\t\tfailedCondition: {\n\t\t\t1: { variable: \"A:ENG FAILED:1\", type: \"Bool\", value: 1 },\n\t\t\t2: { variable: \"A:ENG FAILED:2\", type: \"Bool\", value: 1 },\n\t\t\t3: { variable: \"A:ENG FAILED:3\", type: \"Bool\", value: 1 },\n\t\t\t4: { variable: \"A:ENG FAILED:4\", type: \"Bool\", value: 1 },\n\t\t},\n\t\trunningCondition: {\n\t\t\t1: { variable: \"A:ENG COMBUSTION:1\", type: \"Bool\", value: 1 },\n\t\t\t2: { variable: \"A:ENG COMBUSTION:2\", type: \"Bool\", value: 1 },\n\t\t\t3: { variable: \"A:ENG COMBUSTION:3\", type: \"Bool\", value: 1 },\n\t\t\t4: { variable: \"A:ENG COMBUSTION:4\", type: \"Bool\", value: 1 },\n\t\t},\n\t\tfailAction: {\n\t\t\t1: { variable: \"K:TOGGLE_ENGINE1_FAILURE\", type: \"Bool\", value: 1, },\n\t\t\t2: { variable: \"K:TOGGLE_ENGINE2_FAILURE\", type: \"Bool\", value: 1, },\n\t\t\t3: { variable: \"K:TOGGLE_ENGINE3_FAILURE\", type: \"Bool\", value: 1, },\n\t\t\t4: { variable: \"K:TOGGLE_ENGINE4_FAILURE\", type: \"Bool\", value: 1, },\n\t\t},\n\t\tfixAction: {\n\t\t\t1: { variable: \"K:TOGGLE_ENGINE1_FAILURE\", type: \"Bool\", value: 1, },\n\t\t\t2: { variable: \"K:TOGGLE_ENGINE2_FAILURE\", type: \"Bool\", value: 1, },\n\t\t\t3: { variable: \"K:TOGGLE_ENGINE3_FAILURE\", type: \"Bool\", value: 1, },\n\t\t\t4: { variable: \"K:TOGGLE_ENGINE4_FAILURE\", type: \"Bool\", value: 1, },\n\t\t},\n\t\tcount: { variable: \"A:NUMBER OF ENGINES\", type: \"Number\" }, // minimum 0, maximum 4\n\t},\n\tfuel: {\n\t\toffCondition: {\n\t\t\t1: { variable: \"A:FUEL TANK SELECTOR:1\", type: \"Enum\", value: 0 },\n\t\t\t2: { variable: \"A:FUEL TANK SELECTOR:2\", type: \"Enum\", value: 0 },\n\t\t\t3: { variable: \"A:FUEL TANK SELECTOR:3\", type: \"Enum\", value: 0 },\n\t\t\t4: { variable: \"A:FUEL TANK SELECTOR:4\", type: \"Enum\", value: 0 },\n\t\t},\n\t\toffAction: {\n\t\t\t1: { variable: \"K:FUEL_SELECTOR_SET\", type: \"Enum\", value: 0, },\n\t\t\t2: { variable: \"K:FUEL_SELECTOR_2_SET\", type: \"Enum\", value: 0, },\n\t\t\t3: { variable: \"K:FUEL_SELECTOR_3_SET\", type: \"Enum\", value: 0, },\n\t\t\t4: { variable: \"K:FUEL_SELECTOR_4_SET\", type: \"Enum\", value: 0, },\n\t\t},\n\t}\n};\n\nthis.store = {\n\tscript_enabled: true,\n\tintro_message: false,\n\toutro_message: false,\n\tsleeping: false,\n};\n\nconst persisted = this.$api.datastore.import();\nthis.store = persisted ? persisted : this.store;\n\nsettings_define({\n\tsleeping: {\n\t\ttype: \"checkbox\",\n\t\tlabel: \"Sleeping -  fail and fix actions are inactive\",\n\t\tvalue: this.store.sleeping,\n\t\tchanged: (value) =\u003e {\n\t\t\tthis.store.sleeping = value;\n\t\t\tthis.$api.datastore.export(this.store);\n\t\t}\n\t},\n\tintro_message: {\n\t\ttype: \"checkbox\",\n\t\tlabel: \"Send message in chat when FailBot goes online\",\n\t\tvalue: this.store.intro_message,\n\t\tchanged: (value) =\u003e {\n\t\t\tthis.store.intro_message = value;\n\t\t\tthis.$api.datastore.export(this.store);\n\t\t}\n\t},\n\toutro_message: {\n\t\ttype: \"checkbox\",\n\t\tlabel: \"Send message in chat when FailBot goes offline\",\n\t\tvalue: this.store.outro_message,\n\t\tchanged: (value) =\u003e {\n\t\t\tthis.store.outro_message = value;\n\t\t\tthis.$api.datastore.export(this.store);\n\t\t}\n\t}\n});\n\nthis.message = {\n\tonline: () =\u003e {\n\t\tif (this.store.intro_message) {\n\t\t\tconst sleeping = this.store.sleeping ? \"sleeping\" : \"active\";\n\t\t\tthis.$api.twitch.send_message(\"/me FailBot is online and \" + sleeping + \"!\");\n\t\t}\n\t},\n\toffline: () =\u003e {\n\t\tif (this.store.intro_message) {\n\t\t\tthis.$api.twitch.send_message(\"/me FailBot is going offline!\");\n\t\t}\n\t},\n}\n\nif (this.$api.twitch.is_connected()) {\n\tthis.message.online();\n}\n\ntwitch_connection((state) =\u003e { if (state) this.message.online(); });\n\nscript_message_rcv((caller_reference_name, message, reply_callback) =\u003e {\n\tif (message === \"sleeping\") {\n\t\treply_callback(this.store.sleeping);\n\t\treturn;\n\t}\n\n\tif (message === \"toggle_sleep\") {\n\t\tthis.store.sleeping = !this.store.sleeping;\n\t\tthis.$api.datastore.export(this.store);\n\t\tthis.$api.twitch.send_message(\"/me FailBot is now \" + (this.store.sleeping ? \"sleeping\" : \"active\") + \"!\");\n\t\treply_callback(this.store.sleeping);\n\t\treturn;\n\t}\n});\n\nexit(() =\u003e {\n\tthis.message.offline();\n\tconsole.log(\"FailBot exited\");\n});\n\nrun(() =\u003e {\n\tthis.store.script_enabled = !this.store.script_enabled;\n\tif (this.store.script_enabled) {\n\t\tif (this.store.intro_message) {\n\t\t\tthis.$api.twitch.send_message(\"/me FailBot is now enabled and \" + (this.store.sleeping ? \"sleeping\" : \"active\") + \"!\");\n\t\t}\n\t} else {\n\t\tif (this.store.outro_message) {\n\t\t\tthis.$api.twitch.send_message(\"/me FailBot is now disabled!\");\n\t\t}\n\t}\n\n\tthis.$api.datastore.export(this.store);\n\treturn true;\n});\n\nstate(() =\u003e {\n\tif (this.$api.twitch.is_connected()) {\n\t\treturn !this.store.script_enabled ? \"mdi:comment-off-outline:Fail Bot\" : \"mdi:comment:Fail Bot\"\n\t} else {\n\t\treturn \"mdi:wifi-strength-off:Fail Bot\";\n\t}\n});\n\ninfo(() =\u003e {\n\tif (this.$api.twitch.is_connected()) {\n\t\treturn !this.store.script_enabled ? \"FailBot Disabled\" : \"FailBot Enabled\";\n\t} else {\n\t\treturn \"FailBot Unavailable\";\n\t}\n});\n\nstyle(() =\u003e {\n\tif (this.$api.twitch.is_connected()) {\n\t\treturn this.store.script_enabled ? \"active\" : \"error\";\n\t} else {\n\t\treturn \"error\";\n\t}\n});\n\ntwitch_message((message) =\u003e {\n\tif (this.store.script_enabled \u0026\u0026 message.parameters) {\n\t\tif (message.tags ? message.tags[\"display-name\"] : false) {\n\t\t\tlet reply_prefix = \"@reply-parent-msg-id=\" + message.tags[\"id\"];\n\t\t\tlet msg_params = message.parameters.split(\" \");\n\n\t\t\tswitch (msg_params[0].toLowerCase()) {\n\t\t\t\tcase \u0027!commands\u0027:\n\t\t\t\tcase \"!failbot\": {\n\t\t\t\t\tthis.commands.failBot(reply_prefix);\n\t\t\t\t\tbreak;\n\t\t\t\t}\n\n\t\t\t\tcase \"!checkengine\":\n\t\t\t\tcase \"!checkengines\": {\n\t\t\t\t\tthis.commands.checkEngine(reply_prefix);\n\t\t\t\t\tbreak;\n\t\t\t\t}\n\n\t\t\t\tcase \"!failengine\": {\n\t\t\t\t\tif (this.store.sleeping) {\n\t\t\t\t\t\tthis.commands.sleeping(reply_prefix);\n\t\t\t\t\t\tbreak;\n\t\t\t\t\t}\n\n\t\t\t\t\tthis.commands.failEngine(reply_prefix);\n\t\t\t\t\tbreak;\n\t\t\t\t}\n\n\t\t\t\tcase \"!fixengine\":\n\t\t\t\tcase \"!fixengines\": {\n\t\t\t\t\tif (this.store.sleeping) {\n\t\t\t\t\t\tthis.commands.sleeping(reply_prefix);\n\t\t\t\t\t\tbreak;\n\t\t\t\t\t}\n\n\t\t\t\t\tthis.commands.fixEngines(reply_prefix);\n\t\t\t\t\tbreak;\n\t\t\t\t}\n\n\t\t\t\tcase \"!checkfuel\": {\n\t\t\t\t\tthis.commands.checkFuel(reply_prefix);\n\t\t\t\t\tbreak;\n\t\t\t\t}\n\n\t\t\t\tcase \"!fueloff\": {\n\t\t\t\t\tif (this.store.sleeping) {\n\t\t\t\t\t\tthis.commands.sleeping(reply_prefix);\n\t\t\t\t\t\tbreak;\n\t\t\t\t\t}\n\n\t\t\t\t\tthis.commands.fuelOff(reply_prefix);\n\t\t\t\t\tbreak;\n\t\t\t\t}\n\t\t\t}\n\t\t}\n\t}\n});\n\nthis.commands = {\n\tfailBot: (reply_prefix) =\u003e {\n\t\tconst msg = [\n\t\t\t\"!checkEngine\",\n\t\t\t\"!failEngine\",\n\t\t\t\"!fixEngine\",\n\t\t\t\"!checkFuel\",\n\t\t\t\"!fuelOff\",\n\t\t];\n\n\t\tthis.$api.twitch.send_message(\"FailBot: \" + msg.join(\" \"), reply_prefix);\n\t},\n\tsleeping: (reply_prefix) =\u003e {\n\t\tthis.$api.twitch.send_message(\"FailBot: Sleeping... Zzz...\", reply_prefix);\n\t},\n\tcheckEngine: (reply_prefix) =\u003e {\n\t\tconst enginesCount = this.engine.getCount();\n\t\tlet message = \"\";\n\n\t\tfor (let i = 0; i \u003c enginesCount; i++) {\n\t\t\tconst engineNumber = i + 1;\n\t\t\tmessage += \"Engine \" + engineNumber + \" is \" + this.engine.getState(engineNumber) + \". \";\n\t\t}\n\t\t\n\t\tthis.$api.twitch.send_message(\"FailBot: \" + message, reply_prefix);\n\t},\n\tfailEngine: (reply_prefix) =\u003e {\n\t\tconst enginesCount = this.engine.getCount();\n\n\t\tconst enginesFailedCount = this.engine.getFailedCount();\n\t\tconst maxFailed = conditions.engine[enginesCount].maxFailed;\n\t\tif (enginesFailedCount \u003e= maxFailed) {\n\t\t\tthis.$api.twitch.send_message(\"FailBot: Umm... We already have \" + enginesFailedCount + \" failed engine\" + (enginesFailedCount \u003e 1 ? \"s\" : \"\"), reply_prefix);\n\t\t\treturn;\n\t\t}\n\n\t\tconst enginesRunningCount = this.engine.getRunningCount();\n\t\tconst minRunning = conditions.engine[enginesCount].minRunning;\n\t\tif (enginesRunningCount \u003c= minRunning) {\n\t\t\tthis.$api.twitch.send_message(\"FailBot: Umm... We really need one at least \" + minRunning + \" engine\" + (minRunning \u003e 1 ? \"s\" : \"\") + \" running\", reply_prefix);\n\t\t\treturn;\n\t\t}\n\n\t\tconst runningEngines = this.engine.getRunningEngines();\n\t\tconst engineNumber = this.utils.random(1, runningEngines.length);\n\t\tthis.engine.fail(engineNumber);\n\t\tthis.$api.twitch.send_message(\"FailBot: Aye Captain!\", reply_prefix);\n\t},\n\tfixEngines: (reply_prefix) =\u003e {\n\t\tif (!this.engine.isAnyFailed()) {\n\t\t\tthis.$api.twitch.send_message(\"FailBot: Umm... All engines are fine\", reply_prefix);\n\t\t\treturn;\n\t\t}\n\n\t\tthis.engine.fixAll();\n\t\tthis.$api.twitch.send_message(\"FailBot: Consider it done!\", reply_prefix);\n\t},\n\tcheckFuel: (reply_prefix) =\u003e {\n\t\tconst enginesCount = this.engine.getCount();\n\t\tlet message = \"\";\n\n\t\tfor (let i = 0; i \u003c enginesCount; i++) {\n\t\t\tconst engineNumber = i + 1;\n\t\t\tmessage += \"Fuel Selector \" + engineNumber + \" is \" + this.fuel.getState(engineNumber) + \". \";\n\t\t}\n\n\t\tthis.$api.twitch.send_message(\"FailBot: \" + message, reply_prefix);\n\t},\n\tfuelOff: (reply_prefix) =\u003e {\n\t\tconst enginesCount = this.engine.getCount();\n\n\t\tconst enginesRunningCount = this.engine.getRunningCount();\n\t\tconst minRunning = conditions.engine[enginesCount].minRunning;\n\t\tif (enginesRunningCount \u003c= minRunning) {\n\t\t\tthis.$api.twitch.send_message(\"FailBot: Umm... We really need one at least \" + minRunning + \" engine\" + (minRunning \u003e 1 ? \"s\" : \"\") + \" running\", reply_prefix);\n\t\t\treturn;\n\t\t}\n\n\t\tconst runningEngines = this.engine.getRunningEngines();\n\t\tconst fuelSelectorNumber = this.utils.random(1, runningEngines.length);\n\t\tthis.fuel.off(fuelSelectorNumber);\n\t\tthis.$api.twitch.send_message(\"FailBot: Aye Captain!\", reply_prefix);\n\t},\n}\n\nthis.engine = {\n\tisFailed: (engineNumber) =\u003e {\n\t\tconst condition = config.engine.failedCondition[engineNumber];\n\t\tconst value = this.$api.variables.get(condition.variable, condition.type);\n\t\treturn value === condition.value;\n\t},\n\tisRunning: (engineNumber) =\u003e {\n\t\tconst condition = config.engine.runningCondition[engineNumber];\n\t\tconst value = this.$api.variables.get(condition.variable, condition.type);\n\t\treturn value === condition.value;\n\t},\n\tisAnyFailed: () =\u003e {\n\t\tconst enginesCount = this.engine.getCount();\n\t\tlet isAnyFailed = false;\n\n\t\tfor (let i = 0; i \u003c enginesCount; i++) {\n\t\t\tlet engineNumber = i + 1;\n\t\t\tif (this.engine.isFailed(engineNumber)) {\n\t\t\t\tisAnyFailed = true;\n\t\t\t}\n\t\t}\n\n\t\treturn isAnyFailed;\n\t},\n\tgetCount: () =\u003e {\n\t\tconst condition = config.engine.count;\n\t\treturn this.$api.variables.get(condition.variable, condition.type);\n\t},\n\tgetRunningCount: () =\u003e {\n\t\tconst enginesCount = this.engine.getCount();\n\t\tlet runningCount = 0;\n\n\t\tfor (let i = 0; i \u003c enginesCount; i++) {\n\t\t\tlet engineNumber = i + 1;\n\t\t\tif (this.engine.isRunning(engineNumber)) {\n\t\t\t\trunningCount++;\n\t\t\t}\n\t\t}\n\n\t\treturn runningCount;\n\t},\n\tgetRunningEngines: () =\u003e {\n\t\tconst enginesCount = this.engine.getCount();\n\t\tlet runningEngines = [];\n\n\t\tfor (let i = 0; i \u003c enginesCount; i++) {\n\t\t\tlet engineNumber = i + 1;\n\t\t\tif (this.engine.isRunning(engineNumber)) {\n\t\t\t\trunningEngines.push(engineNumber);\n\t\t\t}\n\t\t}\n\n\t\treturn runningEngines;\n\t},\n\tgetFailedCount: () =\u003e {\n\t\tconst enginesCount = this.engine.getCount();\n\t\tlet failedCount = 0;\n\n\t\tfor (let i = 0; i \u003c enginesCount; i++) {\n\t\t\tlet engineNumber = i + 1;\n\t\t\tif (this.engine.isFailed(engineNumber)) {\n\t\t\t\tfailedCount++;\n\t\t\t}\n\t\t}\n\n\t\treturn failedCount;\n\t},\n\tgetState: (engineNumber) =\u003e {\n\t\tif (this.engine.isRunning(engineNumber)) {\n\t\t\treturn \"Running\";\n\t\t}\n\n\t\tif (this.engine.isFailed(engineNumber)) {\n\t\t\treturn \"Failed\";\n\t\t}\n\n\t\treturn \"Off\";\n\t},\n\tfail: (engineNumber) =\u003e {\n\t\tif (this.engine.isFailed(engineNumber)) {\n\t\t\treturn;\n\t\t}\n\n\t\tconst failAction = config.engine.failAction[engineNumber];\n\t\tthis.$api.variables.set(failAction.variable, failAction.type, failAction.value);\n\t},\n\tfix: (engineNumber) =\u003e {\n\t\tif (!this.engine.isFailed(engineNumber)) {\n\t\t\treturn;\n\t\t}\n\n\t\tconst fixAction = config.engine.fixAction[engineNumber];\n\t\tthis.$api.variables.set(fixAction.variable, fixAction.type, fixAction.value);\n\t},\n\tfixAll: () =\u003e {\n\t\tconst enginesCount = this.engine.getCount();\n\t\tfor (let i = 0; i \u003c enginesCount; i++) {\n\t\t\tlet engineNumber = i + 1;\n\t\t\tthis.engine.fix(engineNumber);\n\t\t}\n\t}\n}\n\nthis.fuel = {\n\tisOff: (fuelSelectorNumber) =\u003e {\n\t\tconst condition = config.fuel.offCondition[fuelSelectorNumber];\n\t\tconst value = this.$api.variables.get(condition.variable, condition.type);\n\t\treturn value === condition.value;\n\t},\n\tgetState: (fuelSelectorNumber) =\u003e {\n\t\treturn this.fuel.isOff(fuelSelectorNumber) ? \"Off\" : \"On\";\n\t},\n\toff: (fuelSelectorNumber) =\u003e {\n\t\tconst fuelOffAction = config.fuel.offAction[fuelSelectorNumber];\n\t\tthis.$api.variables.set(fuelOffAction.variable, fuelOffAction.type, fuelOffAction.value);\n\t},\n}\n\nthis.utils = {\n\trandom: (min, max) =\u003e {\n\t\treturn Math.floor(Math.random() * (max - min + 1) + min)\n\t},\n};\n\nconsole.log(\"FailBot loaded\");\n    ","code_css":"","code_html":"","last_edit":1675002965566,"description":"Fail aircraft components from Twitch chat commands.","tags":"Misc.","reference":"failbot","aircraft":null,"creator":"vexfreeze","package":"p42-util-flow-vexfreeze-failbot"}},{"code":"javascript","uid":"1f402e3c-03a9-4aac-a4f7-bc3d7003e486","name":"FailBot Sleep","short":"mdi:sleep-off","params":{"tags":"Misc.","code_js":"let isSleeping = null;\n\nrun(() =\u003e {\n    this.$api.command.script_message_send(\"failbot\", \"toggle_sleep\", () =\u003e { });\n});\n\nstate(() =\u003e {\n    this.$api.command.script_message_send(\"failbot\", \"sleeping\", (sleeping) =\u003e {\n        isSleeping = sleeping;\n    });\n\n    if(isSleeping === null){\n        return;\n    }\n\n    return isSleeping ? \"mdi:sleep\" : \"mdi:checkbox-marked-circle-outline\";\n});\n\ninfo(() =\u003e {\n    if(isSleeping === null){\n        return;\n    }\n\n    return isSleeping ? \"Failures Disabled\" : \"Failures Enabled\";\n});\n\nstyle(() =\u003e {\n    if(isSleeping === null){\n        return;\n    }\n    return isSleeping  ? null : \"active\";\n});","code_css":"","code_html":"","last_edit":1673029561440,"description":"Toggle FailBot sleep","reference":"failbot-sleep","aircraft":null,"creator":"vexfreeze","package":"p42-util-flow-vexfreeze-failbot"}},{"code":"javascript","uid":"cf343c82-1d59-47cc-bef1-6242d71eb1a4","short":"mdi:engine-off","name":"Fail Engine 1","params":{"code_js":"const engineNumber = 1; // minimum 1, maximum 4\n\nconst config = {\n\tengine: {\n\t\tfailedCondition: {\n\t\t\t1: { variable: \"A:ENG FAILED:1\", type: \"Bool\", value: 1 },\n\t\t\t2: { variable: \"A:ENG FAILED:2\", type: \"Bool\", value: 1 },\n\t\t\t3: { variable: \"A:ENG FAILED:3\", type: \"Bool\", value: 1 },\n\t\t\t4: { variable: \"A:ENG FAILED:4\", type: \"Bool\", value: 1 },\n\t\t},\n\t\trunningCondition: {\n\t\t\t1: { variable: \"A:ENG COMBUSTION:1\", type: \"Bool\", value: 1 },\n\t\t\t2: { variable: \"A:ENG COMBUSTION:2\", type: \"Bool\", value: 1 },\n\t\t\t3: { variable: \"A:ENG COMBUSTION:3\", type: \"Bool\", value: 1 },\n\t\t\t4: { variable: \"A:ENG COMBUSTION:4\", type: \"Bool\", value: 1 },\n\t\t},\n\t\tfailAction: {\n\t\t\t1: { variable: \"K:TOGGLE_ENGINE1_FAILURE\", type: \"Bool\", value: 1, },\n\t\t\t2: { variable: \"K:TOGGLE_ENGINE2_FAILURE\", type: \"Enum\", value: 1, },\n\t\t\t3: { variable: \"K:TOGGLE_ENGINE3_FAILURE\", type: \"Enum\", value: 1, },\n\t\t\t4: { variable: \"K:TOGGLE_ENGINE4_FAILURE\", type: \"Enum\", value: 1, },\n\t\t},\n\t\tfixAction: {\n\t\t\t1: { variable: \"K:TOGGLE_ENGINE1_FAILURE\", type: \"Bool\", value: 1, },\n\t\t\t2: { variable: \"K:TOGGLE_ENGINE2_FAILURE\", type: \"Bool\", value: 1, },\n\t\t\t3: { variable: \"K:TOGGLE_ENGINE3_FAILURE\", type: \"Bool\", value: 1, },\n\t\t\t4: { variable: \"K:TOGGLE_ENGINE4_FAILURE\", type: \"Bool\", value: 1, },\n\t\t},\n\t\tcount: { variable: \"A:NUMBER OF ENGINES\", type: \"Number\" }, // minimum 0, maximum 4\n\t},\n};\n\nrun(() =\u003e {\n\tif(!this.engine.isAvailable(engineNumber)){\n\t\treturn;\n\t}\n\n\tif (!this.engine.isFailed(engineNumber)) {\n\t\tthis.engine.fail(engineNumber);\n\t} else {\n\t\tthis.engine.fix(engineNumber);\n\t}\n});\n\nstate(() =\u003e {\n\tif(!this.engine.isAvailable(engineNumber)){\n\t\treturn \"mdi:engine-outline:ENG \" + engineNumber + \"\u003cbr/\u003eU/A\";\n\t}\n\n\tconst isFailed = this.engine.isFailed(engineNumber);\n\tconst engineState = this.engine.getState(engineNumber);\n\treturn (isFailed ? \"mdi:engine-off:\" : \"mdi:engine:\") + \"ENG \" + engineNumber + \"\u003cbr/\u003e\" + engineState;\n})\n\ninfo(() =\u003e {\n\treturn \u0027ENG \u0027 + engineNumber + \u0027\u003cbr/\u003eFail/Fix\u0027;\n})\n\nstyle(() =\u003e {\n\tif(!this.engine.isAvailable(engineNumber)){\n\t\treturn null;\n\t}\n\n\tif (this.engine.isRunning(engineNumber)) {\n\t\treturn \"active\";\n\t}\n\n\tif (this.engine.isFailed(engineNumber)) {\n\t\treturn \"error\";\n\t}\n\n\treturn null;\n});\n\nthis.engine = {\n\tisAvailable: (engineNumber) =\u003e {\n\t\tconst condition = config.engine.count;\n\t\tconst enginesCount = this.$api.variables.get(condition.variable, condition.type);\n\t\treturn engineNumber \u003c= enginesCount;\n\t},\n\tisFailed: (engineNumber) =\u003e {\n\t\tconst condition = config.engine.failedCondition[engineNumber];\n\t\tconst value = this.$api.variables.get(condition.variable, condition.type);\n\t\treturn value === condition.value;\n\t},\n\tisRunning: (engineNumber) =\u003e {\n\t\tconst condition = config.engine.runningCondition[engineNumber];\n\t\tconst value = this.$api.variables.get(condition.variable, condition.type);\n\t\treturn value === condition.value;\n\t},\n\tgetState: (engineNumber) =\u003e {\n\t\tif (this.engine.isRunning(engineNumber)) {\n\t\t\treturn \"Running\";\n\t\t}\n\n\t\tif (this.engine.isFailed(engineNumber)) {\n\t\t\treturn \"Failed\";\n\t\t}\n\n\t\treturn \"Off\";\n\t},\n\tfail: (engineNumber) =\u003e {\n\t\tif (this.engine.isFailed(engineNumber)) {\n\t\t\treturn;\n\t\t}\n\n\t\tconst failAction = config.engine.failAction[engineNumber];\n\t\tthis.$api.variables.set(failAction.variable, failAction.type, failAction.value);\n\t},\n\tfix: (engineNumber) =\u003e {\n\t\tif (!this.engine.isFailed(engineNumber)) {\n\t\t\treturn;\n\t\t}\n\n\t\tconst fixAction = config.engine.fixAction[engineNumber];\n\t\tthis.$api.variables.set(fixAction.variable, fixAction.type, fixAction.value);\n\t},\n}","code_css":"","code_html":"","last_edit":1674999526379,"reference":"","description":"Fail or Fix Engine and display Status","tags":"Misc.","aircraft":null,"creator":"vexfreeze","package":"p42-util-flow-vexfreeze-failbot"}},{"code":"javascript","uid":"3fcd4091-6237-482e-84d0-ebecb591f7f5","short":"mdi:engine-off","name":"Fail Engine 2","params":{"code_js":"const engineNumber = 2; // minimum 1, maximum 4\n\nconst config = {\n\tengine: {\n\t\tfailedCondition: {\n\t\t\t1: { variable: \"A:ENG FAILED:1\", type: \"Bool\", value: 1 },\n\t\t\t2: { variable: \"A:ENG FAILED:2\", type: \"Bool\", value: 1 },\n\t\t\t3: { variable: \"A:ENG FAILED:3\", type: \"Bool\", value: 1 },\n\t\t\t4: { variable: \"A:ENG FAILED:4\", type: \"Bool\", value: 1 },\n\t\t},\n\t\trunningCondition: {\n\t\t\t1: { variable: \"A:ENG COMBUSTION:1\", type: \"Bool\", value: 1 },\n\t\t\t2: { variable: \"A:ENG COMBUSTION:2\", type: \"Bool\", value: 1 },\n\t\t\t3: { variable: \"A:ENG COMBUSTION:3\", type: \"Bool\", value: 1 },\n\t\t\t4: { variable: \"A:ENG COMBUSTION:4\", type: \"Bool\", value: 1 },\n\t\t},\n\t\tfailAction: {\n\t\t\t1: { variable: \"K:TOGGLE_ENGINE1_FAILURE\", type: \"Bool\", value: 1, },\n\t\t\t2: { variable: \"K:TOGGLE_ENGINE2_FAILURE\", type: \"Enum\", value: 1, },\n\t\t\t3: { variable: \"K:TOGGLE_ENGINE3_FAILURE\", type: \"Enum\", value: 1, },\n\t\t\t4: { variable: \"K:TOGGLE_ENGINE4_FAILURE\", type: \"Enum\", value: 1, },\n\t\t},\n\t\tfixAction: {\n\t\t\t1: { variable: \"K:TOGGLE_ENGINE1_FAILURE\", type: \"Bool\", value: 1, },\n\t\t\t2: { variable: \"K:TOGGLE_ENGINE2_FAILURE\", type: \"Bool\", value: 1, },\n\t\t\t3: { variable: \"K:TOGGLE_ENGINE3_FAILURE\", type: \"Bool\", value: 1, },\n\t\t\t4: { variable: \"K:TOGGLE_ENGINE4_FAILURE\", type: \"Bool\", value: 1, },\n\t\t},\n\t\tcount: { variable: \"A:NUMBER OF ENGINES\", type: \"Number\" }, // minimum 0, maximum 4\n\t},\n};\n\nrun(() =\u003e {\n\tif(!this.engine.isAvailable(engineNumber)){\n\t\treturn;\n\t}\n\n\tif (!this.engine.isFailed(engineNumber)) {\n\t\tthis.engine.fail(engineNumber);\n\t} else {\n\t\tthis.engine.fix(engineNumber);\n\t}\n});\n\nstate(() =\u003e {\n\tif(!this.engine.isAvailable(engineNumber)){\n\t\treturn \"mdi:engine-outline:ENG \" + engineNumber + \"\u003cbr/\u003eU/A\";\n\t}\n\n\tconst isFailed = this.engine.isFailed(engineNumber);\n\tconst engineState = this.engine.getState(engineNumber);\n\treturn (isFailed ? \"mdi:engine-off:\" : \"mdi:engine:\") + \"ENG \" + engineNumber + \"\u003cbr/\u003e\" + engineState;\n})\n\ninfo(() =\u003e {\n\treturn \u0027ENG \u0027 + engineNumber + \u0027\u003cbr/\u003eFail/Fix\u0027;\n})\n\nstyle(() =\u003e {\n\tif(!this.engine.isAvailable(engineNumber)){\n\t\treturn null;\n\t}\n\n\tif (this.engine.isRunning(engineNumber)) {\n\t\treturn \"active\";\n\t}\n\n\tif (this.engine.isFailed(engineNumber)) {\n\t\treturn \"error\";\n\t}\n\n\treturn null;\n});\n\nthis.engine = {\n\tisAvailable: (engineNumber) =\u003e {\n\t\tconst condition = config.engine.count;\n\t\tconst enginesCount = this.$api.variables.get(condition.variable, condition.type);\n\t\treturn engineNumber \u003c= enginesCount;\n\t},\n\tisFailed: (engineNumber) =\u003e {\n\t\tconst condition = config.engine.failedCondition[engineNumber];\n\t\tconst value = this.$api.variables.get(condition.variable, condition.type);\n\t\treturn value === condition.value;\n\t},\n\tisRunning: (engineNumber) =\u003e {\n\t\tconst condition = config.engine.runningCondition[engineNumber];\n\t\tconst value = this.$api.variables.get(condition.variable, condition.type);\n\t\treturn value === condition.value;\n\t},\n\tgetState: (engineNumber) =\u003e {\n\t\tif (this.engine.isRunning(engineNumber)) {\n\t\t\treturn \"Running\";\n\t\t}\n\n\t\tif (this.engine.isFailed(engineNumber)) {\n\t\t\treturn \"Failed\";\n\t\t}\n\n\t\treturn \"Off\";\n\t},\n\tfail: (engineNumber) =\u003e {\n\t\tif (this.engine.isFailed(engineNumber)) {\n\t\t\treturn;\n\t\t}\n\n\t\tconst failAction = config.engine.failAction[engineNumber];\n\t\tthis.$api.variables.set(failAction.variable, failAction.type, failAction.value);\n\t},\n\tfix: (engineNumber) =\u003e {\n\t\tif (!this.engine.isFailed(engineNumber)) {\n\t\t\treturn;\n\t\t}\n\n\t\tconst fixAction = config.engine.fixAction[engineNumber];\n\t\tthis.$api.variables.set(fixAction.variable, fixAction.type, fixAction.value);\n\t},\n}","code_css":"","code_html":"","last_edit":1674999542735,"reference":"","description":"Fail or Fix Engine and display Status","tags":"Misc.","aircraft":null,"creator":"vexfreeze","package":"p42-util-flow-vexfreeze-failbot"}},{"code":"javascript","uid":"414a02f1-a319-4c85-a010-fe692c9e7349","short":"mdi:engine-off","name":"Fail Engine 3","params":{"code_js":"const engineNumber = 3; // minimum 1, maximum 4\n\nconst config = {\n\tengine: {\n\t\tfailedCondition: {\n\t\t\t1: { variable: \"A:ENG FAILED:1\", type: \"Bool\", value: 1 },\n\t\t\t2: { variable: \"A:ENG FAILED:2\", type: \"Bool\", value: 1 },\n\t\t\t3: { variable: \"A:ENG FAILED:3\", type: \"Bool\", value: 1 },\n\t\t\t4: { variable: \"A:ENG FAILED:4\", type: \"Bool\", value: 1 },\n\t\t},\n\t\trunningCondition: {\n\t\t\t1: { variable: \"A:ENG COMBUSTION:1\", type: \"Bool\", value: 1 },\n\t\t\t2: { variable: \"A:ENG COMBUSTION:2\", type: \"Bool\", value: 1 },\n\t\t\t3: { variable: \"A:ENG COMBUSTION:3\", type: \"Bool\", value: 1 },\n\t\t\t4: { variable: \"A:ENG COMBUSTION:4\", type: \"Bool\", value: 1 },\n\t\t},\n\t\tfailAction: {\n\t\t\t1: { variable: \"K:TOGGLE_ENGINE1_FAILURE\", type: \"Bool\", value: 1, },\n\t\t\t2: { variable: \"K:TOGGLE_ENGINE2_FAILURE\", type: \"Enum\", value: 1, },\n\t\t\t3: { variable: \"K:TOGGLE_ENGINE3_FAILURE\", type: \"Enum\", value: 1, },\n\t\t\t4: { variable: \"K:TOGGLE_ENGINE4_FAILURE\", type: \"Enum\", value: 1, },\n\t\t},\n\t\tfixAction: {\n\t\t\t1: { variable: \"K:TOGGLE_ENGINE1_FAILURE\", type: \"Bool\", value: 1, },\n\t\t\t2: { variable: \"K:TOGGLE_ENGINE2_FAILURE\", type: \"Bool\", value: 1, },\n\t\t\t3: { variable: \"K:TOGGLE_ENGINE3_FAILURE\", type: \"Bool\", value: 1, },\n\t\t\t4: { variable: \"K:TOGGLE_ENGINE4_FAILURE\", type: \"Bool\", value: 1, },\n\t\t},\n\t\tcount: { variable: \"A:NUMBER OF ENGINES\", type: \"Number\" }, // minimum 0, maximum 4\n\t},\n};\n\nrun(() =\u003e {\n\tif(!this.engine.isAvailable(engineNumber)){\n\t\treturn;\n\t}\n\n\tif (!this.engine.isFailed(engineNumber)) {\n\t\tthis.engine.fail(engineNumber);\n\t} else {\n\t\tthis.engine.fix(engineNumber);\n\t}\n});\n\nstate(() =\u003e {\n\tif(!this.engine.isAvailable(engineNumber)){\n\t\treturn \"mdi:engine-outline:ENG \" + engineNumber + \"\u003cbr/\u003eU/A\";\n\t}\n\n\tconst isFailed = this.engine.isFailed(engineNumber);\n\tconst engineState = this.engine.getState(engineNumber);\n\treturn (isFailed ? \"mdi:engine-off:\" : \"mdi:engine:\") + \"ENG \" + engineNumber + \"\u003cbr/\u003e\" + engineState;\n})\n\ninfo(() =\u003e {\n\treturn \u0027ENG \u0027 + engineNumber + \u0027\u003cbr/\u003eFail/Fix\u0027;\n})\n\nstyle(() =\u003e {\n\tif(!this.engine.isAvailable(engineNumber)){\n\t\treturn null;\n\t}\n\n\tif (this.engine.isRunning(engineNumber)) {\n\t\treturn \"active\";\n\t}\n\n\tif (this.engine.isFailed(engineNumber)) {\n\t\treturn \"error\";\n\t}\n\n\treturn null;\n});\n\nthis.engine = {\n\tisAvailable: (engineNumber) =\u003e {\n\t\tconst condition = config.engine.count;\n\t\tconst enginesCount = this.$api.variables.get(condition.variable, condition.type);\n\t\treturn engineNumber \u003c= enginesCount;\n\t},\n\tisFailed: (engineNumber) =\u003e {\n\t\tconst condition = config.engine.failedCondition[engineNumber];\n\t\tconst value = this.$api.variables.get(condition.variable, condition.type);\n\t\treturn value === condition.value;\n\t},\n\tisRunning: (engineNumber) =\u003e {\n\t\tconst condition = config.engine.runningCondition[engineNumber];\n\t\tconst value = this.$api.variables.get(condition.variable, condition.type);\n\t\treturn value === condition.value;\n\t},\n\tgetState: (engineNumber) =\u003e {\n\t\tif (this.engine.isRunning(engineNumber)) {\n\t\t\treturn \"Running\";\n\t\t}\n\n\t\tif (this.engine.isFailed(engineNumber)) {\n\t\t\treturn \"Failed\";\n\t\t}\n\n\t\treturn \"Off\";\n\t},\n\tfail: (engineNumber) =\u003e {\n\t\tif (this.engine.isFailed(engineNumber)) {\n\t\t\treturn;\n\t\t}\n\n\t\tconst failAction = config.engine.failAction[engineNumber];\n\t\tthis.$api.variables.set(failAction.variable, failAction.type, failAction.value);\n\t},\n\tfix: (engineNumber) =\u003e {\n\t\tif (!this.engine.isFailed(engineNumber)) {\n\t\t\treturn;\n\t\t}\n\n\t\tconst fixAction = config.engine.fixAction[engineNumber];\n\t\tthis.$api.variables.set(fixAction.variable, fixAction.type, fixAction.value);\n\t},\n}","code_css":"","code_html":"","last_edit":1674999561694,"reference":"","description":"Fail or Fix Engine and display Status","tags":"Misc.","aircraft":null,"creator":"vexfreeze","package":"p42-util-flow-vexfreeze-failbot"}},{"code":"javascript","uid":"7fe5b392-900a-4a26-a5e9-c171cbc0bd8e","short":"mdi:engine-off","name":"Fail Engine 4","params":{"code_js":"const engineNumber = 4; // minimum 1, maximum 4\n\nconst config = {\n\tengine: {\n\t\tfailedCondition: {\n\t\t\t1: { variable: \"A:ENG FAILED:1\", type: \"Bool\", value: 1 },\n\t\t\t2: { variable: \"A:ENG FAILED:2\", type: \"Bool\", value: 1 },\n\t\t\t3: { variable: \"A:ENG FAILED:3\", type: \"Bool\", value: 1 },\n\t\t\t4: { variable: \"A:ENG FAILED:4\", type: \"Bool\", value: 1 },\n\t\t},\n\t\trunningCondition: {\n\t\t\t1: { variable: \"A:ENG COMBUSTION:1\", type: \"Bool\", value: 1 },\n\t\t\t2: { variable: \"A:ENG COMBUSTION:2\", type: \"Bool\", value: 1 },\n\t\t\t3: { variable: \"A:ENG COMBUSTION:3\", type: \"Bool\", value: 1 },\n\t\t\t4: { variable: \"A:ENG COMBUSTION:4\", type: \"Bool\", value: 1 },\n\t\t},\n\t\tfailAction: {\n\t\t\t1: { variable: \"K:TOGGLE_ENGINE1_FAILURE\", type: \"Bool\", value: 1, },\n\t\t\t2: { variable: \"K:TOGGLE_ENGINE2_FAILURE\", type: \"Enum\", value: 1, },\n\t\t\t3: { variable: \"K:TOGGLE_ENGINE3_FAILURE\", type: \"Enum\", value: 1, },\n\t\t\t4: { variable: \"K:TOGGLE_ENGINE4_FAILURE\", type: \"Enum\", value: 1, },\n\t\t},\n\t\tfixAction: {\n\t\t\t1: { variable: \"K:TOGGLE_ENGINE1_FAILURE\", type: \"Bool\", value: 1, },\n\t\t\t2: { variable: \"K:TOGGLE_ENGINE2_FAILURE\", type: \"Bool\", value: 1, },\n\t\t\t3: { variable: \"K:TOGGLE_ENGINE3_FAILURE\", type: \"Bool\", value: 1, },\n\t\t\t4: { variable: \"K:TOGGLE_ENGINE4_FAILURE\", type: \"Bool\", value: 1, },\n\t\t},\n\t\tcount: { variable: \"A:NUMBER OF ENGINES\", type: \"Number\" }, // minimum 0, maximum 4\n\t},\n};\n\nrun(() =\u003e {\n\tif(!this.engine.isAvailable(engineNumber)){\n\t\treturn;\n\t}\n\n\tif (!this.engine.isFailed(engineNumber)) {\n\t\tthis.engine.fail(engineNumber);\n\t} else {\n\t\tthis.engine.fix(engineNumber);\n\t}\n});\n\nstate(() =\u003e {\n\tif(!this.engine.isAvailable(engineNumber)){\n\t\treturn \"mdi:engine-outline:ENG \" + engineNumber + \"\u003cbr/\u003eU/A\";\n\t}\n\n\tconst isFailed = this.engine.isFailed(engineNumber);\n\tconst engineState = this.engine.getState(engineNumber);\n\treturn (isFailed ? \"mdi:engine-off:\" : \"mdi:engine:\") + \"ENG \" + engineNumber + \"\u003cbr/\u003e\" + engineState;\n})\n\ninfo(() =\u003e {\n\treturn \u0027ENG \u0027 + engineNumber + \u0027\u003cbr/\u003eFail/Fix\u0027;\n})\n\nstyle(() =\u003e {\n\tif(!this.engine.isAvailable(engineNumber)){\n\t\treturn null;\n\t}\n\n\tif (this.engine.isRunning(engineNumber)) {\n\t\treturn \"active\";\n\t}\n\n\tif (this.engine.isFailed(engineNumber)) {\n\t\treturn \"error\";\n\t}\n\n\treturn null;\n});\n\nthis.engine = {\n\tisAvailable: (engineNumber) =\u003e {\n\t\tconst condition = config.engine.count;\n\t\tconst enginesCount = this.$api.variables.get(condition.variable, condition.type);\n\t\treturn engineNumber \u003c= enginesCount;\n\t},\n\tisFailed: (engineNumber) =\u003e {\n\t\tconst condition = config.engine.failedCondition[engineNumber];\n\t\tconst value = this.$api.variables.get(condition.variable, condition.type);\n\t\treturn value === condition.value;\n\t},\n\tisRunning: (engineNumber) =\u003e {\n\t\tconst condition = config.engine.runningCondition[engineNumber];\n\t\tconst value = this.$api.variables.get(condition.variable, condition.type);\n\t\treturn value === condition.value;\n\t},\n\tgetState: (engineNumber) =\u003e {\n\t\tif (this.engine.isRunning(engineNumber)) {\n\t\t\treturn \"Running\";\n\t\t}\n\n\t\tif (this.engine.isFailed(engineNumber)) {\n\t\t\treturn \"Failed\";\n\t\t}\n\n\t\treturn \"Off\";\n\t},\n\tfail: (engineNumber) =\u003e {\n\t\tif (this.engine.isFailed(engineNumber)) {\n\t\t\treturn;\n\t\t}\n\n\t\tconst failAction = config.engine.failAction[engineNumber];\n\t\tthis.$api.variables.set(failAction.variable, failAction.type, failAction.value);\n\t},\n\tfix: (engineNumber) =\u003e {\n\t\tif (!this.engine.isFailed(engineNumber)) {\n\t\t\treturn;\n\t\t}\n\n\t\tconst fixAction = config.engine.fixAction[engineNumber];\n\t\tthis.$api.variables.set(fixAction.variable, fixAction.type, fixAction.value);\n\t},\n}","code_css":"","code_html":"","last_edit":1674999577219,"reference":"","description":"Fail or Fix Engine and display Status","tags":"Misc.","aircraft":null,"creator":"vexfreeze","package":"p42-util-flow-vexfreeze-failbot"}},{"code":"javascript","uid":"df3f7f61-f287-4d69-a187-c8be806df316","short":"mdi:engine","name":"Toggle Engine 1","params":{"tags":"Engines","can_otto":true,"is_template":true,"code_js":"const eng_number = 1; // minimum 1, maximum 4\n\nconst eng_type = this.$api.variables.get(\"A:ENGINE TYPE\", \"Enum\");\nconst eng_count = this.$api.variables.get(\"A:NUMBER OF ENGINES\", \"Number\");\n\nrun(() =\u003e {\n\tif (eng_number \u003e eng_count) {\n\t\treturn;\n\t}\n\n\tlet eng_all_running = true;\n\tfor (let i = 0; i \u003c eng_count; i++) {\n\t\tconst eng_state = this.$api.variables.get(\"A:ENG COMBUSTION:\" + (i + 1), \"Bool\");\n\t\tif (!eng_state) {\n\t\t\teng_all_running = false;\n\t\t}\n\t}\n\n\tif (eng_all_running) {\n\t\tthis.$api.variables.set(\"K:ENGINE_AUTO_SHUTDOWN\", \"Number\", 1);\n\t} else {\n\t\tthis.$api.variables.set(\"K:ENGINE_AUTO_START\", \"Number\", 1);\n\t}\n});\n\nstate(() =\u003e {\n\tif (eng_number \u003e eng_count) {\n\t\treturn \u0027mdi:engine-outline:ENG \u0027 + eng_number + \u0027\u003cbr/\u003eU/A\u0027;\n\t}\n\n\tconst eng_state = this.$api.variables.get(\"A:ENG COMBUSTION:\" + eng_number, \"Bool\");\n\tconst eng_power = this.eng_power();\n\n\tif (eng_state) {\n\t\treturn \u0027mdi:engine-off:ENG \u0027 + eng_number + \u0027\u003cbr/\u003e\u0027 + eng_power;\n\t} else {\n\t\treturn \u0027mdi:engine:ENG \u0027 + eng_number + \u0027\u003cbr/\u003e\u0027 + eng_power;\n\t}\n});\n\nstyle(() =\u003e {\n\tif (eng_number \u003e eng_count) {\n\t\treturn null;\n\t}\n\n\tconst eng_state = this.$api.variables.get(\"A:ENG COMBUSTION:\" + eng_number, \"Bool\");\n\treturn eng_state ? \u0027active\u0027 : null;\n})\n\ninfo(() =\u003e {\n\tif (eng_number \u003e eng_count) {\n\t\treturn \u0027No Action\u0027;\n\t}\n\n\treturn \u0027All Engines\u003cbr/\u003eOn/Off\u0027;\n});\n\nthis.eng_power = () =\u003e {\n\tlet eng_power;\n\n\tif (eng_number \u003e eng_count) {\n\t\teng_power = \u0027U/A\u0027;\n\t} else {\n\t\tswitch (eng_type) {\n\t\t\tcase 2: // None\n\t\t\tcase 3: // Helo\n\t\t\tdefault: {\n\t\t\t\teng_power = \u0027UKWN\u0027;\n\t\t\t\tbreak;\n\t\t\t}\n\t\t\tcase 0: { // Piston\n\t\t\t\teng_power = this.$api.variables.get(\"A:PROP RPM:\" + eng_number, \"RPM\");\n\t\t\t\teng_power = (Math.round(eng_power * 10) / 10).toFixed(0) + \u0027\u003cbr/\u003eRPM\u0027;\n\t\t\t\tbreak;\n\t\t\t}\n\t\t\tcase 5: // Turboprop\n\t\t\tcase 1: { // Jet\n\t\t\t\teng_power = this.$api.variables.get(\"A:TURB ENG CORRECTED N1:\" + eng_number, \"Percent\");\n\t\t\t\teng_power = (Math.round(eng_power * 10) / 10).toFixed(1) + \u0027%\u0027;\n\t\t\t\tbreak;\n\t\t\t}\n\t\t}\n\t}\n\n\treturn eng_power;\n}","code_css":"","code_html":"","last_edit":1675002787159,"description":"Toggle aircraft engine.","aircraft":null,"creator":"vexfreeze","package":"p42-util-flow-vexfreeze-failbot"}},{"code":"javascript","uid":"5b85d453-c970-4c99-a5dd-ce467d8c3c3e","short":"mdi:engine","name":"Toggle Engine 2","params":{"tags":"Engines","can_otto":true,"is_template":true,"code_js":"const eng_number = 2; // minimum 1, maximum 4\n\nconst eng_type = this.$api.variables.get(\"A:ENGINE TYPE\", \"Enum\");\nconst eng_count = this.$api.variables.get(\"A:NUMBER OF ENGINES\", \"Number\");\n\nrun(() =\u003e {\n\tif (eng_number \u003e eng_count) {\n\t\treturn;\n\t}\n\n\tlet eng_all_running = true;\n\tfor (let i = 0; i \u003c eng_count; i++) {\n\t\tconst eng_state = this.$api.variables.get(\"A:ENG COMBUSTION:\" + (i + 1), \"Bool\");\n\t\tif (!eng_state) {\n\t\t\teng_all_running = false;\n\t\t}\n\t}\n\n\tif (eng_all_running) {\n\t\tthis.$api.variables.set(\"K:ENGINE_AUTO_SHUTDOWN\", \"Number\", 1);\n\t} else {\n\t\tthis.$api.variables.set(\"K:ENGINE_AUTO_START\", \"Number\", 1);\n\t}\n});\n\nstate(() =\u003e {\n\tif (eng_number \u003e eng_count) {\n\t\treturn \u0027mdi:engine-outline:ENG \u0027 + eng_number + \u0027\u003cbr/\u003eU/A\u0027;\n\t}\n\n\tconst eng_state = this.$api.variables.get(\"A:ENG COMBUSTION:\" + eng_number, \"Bool\");\n\tconst eng_power = this.eng_power();\n\n\tif (eng_state) {\n\t\treturn \u0027mdi:engine-off:ENG \u0027 + eng_number + \u0027\u003cbr/\u003e\u0027 + eng_power;\n\t} else {\n\t\treturn \u0027mdi:engine:ENG \u0027 + eng_number + \u0027\u003cbr/\u003e\u0027 + eng_power;\n\t}\n});\n\nstyle(() =\u003e {\n\tif (eng_number \u003e eng_count) {\n\t\treturn null;\n\t}\n\n\tconst eng_state = this.$api.variables.get(\"A:ENG COMBUSTION:\" + eng_number, \"Bool\");\n\treturn eng_state ? \u0027active\u0027 : null;\n})\n\ninfo(() =\u003e {\n\tif (eng_number \u003e eng_count) {\n\t\treturn \u0027No Action\u0027;\n\t}\n\n\treturn \u0027All Engines\u003cbr/\u003eOn/Off\u0027;\n});\n\nthis.eng_power = () =\u003e {\n\tlet eng_power;\n\n\tif (eng_number \u003e eng_count) {\n\t\teng_power = \u0027U/A\u0027;\n\t} else {\n\t\tswitch (eng_type) {\n\t\t\tcase 2: // None\n\t\t\tcase 3: // Helo\n\t\t\tdefault: {\n\t\t\t\teng_power = \u0027UKWN\u0027;\n\t\t\t\tbreak;\n\t\t\t}\n\t\t\tcase 0: { // Piston\n\t\t\t\teng_power = this.$api.variables.get(\"A:PROP RPM:\" + eng_number, \"RPM\");\n\t\t\t\teng_power = (Math.round(eng_power * 10) / 10).toFixed(0) + \u0027\u003cbr/\u003eRPM\u0027;\n\t\t\t\tbreak;\n\t\t\t}\n\t\t\tcase 5: // Turboprop\n\t\t\tcase 1: { // Jet\n\t\t\t\teng_power = this.$api.variables.get(\"A:TURB ENG CORRECTED N1:\" + eng_number, \"Percent\");\n\t\t\t\teng_power = (Math.round(eng_power * 10) / 10).toFixed(1) + \u0027%\u0027;\n\t\t\t\tbreak;\n\t\t\t}\n\t\t}\n\t}\n\n\treturn eng_power;\n}","code_css":"","code_html":"","last_edit":1675002777752,"description":"Toggle aircraft engine.","aircraft":null,"creator":"vexfreeze","package":"p42-util-flow-vexfreeze-failbot"}},{"code":"javascript","uid":"000cb365-76fb-4def-9d4d-3bc5c7a11136","short":"mdi:engine","name":"Toggle Engine 3","params":{"tags":"Engines","can_otto":true,"is_template":true,"code_js":"const eng_number = 3; // minimum 1, maximum 4\n\nconst eng_type = this.$api.variables.get(\"A:ENGINE TYPE\", \"Enum\");\nconst eng_count = this.$api.variables.get(\"A:NUMBER OF ENGINES\", \"Number\");\n\nrun(() =\u003e {\n\tif (eng_number \u003e eng_count) {\n\t\treturn;\n\t}\n\n\tlet eng_all_running = true;\n\tfor (let i = 0; i \u003c eng_count; i++) {\n\t\tconst eng_state = this.$api.variables.get(\"A:ENG COMBUSTION:\" + (i + 1), \"Bool\");\n\t\tif (!eng_state) {\n\t\t\teng_all_running = false;\n\t\t}\n\t}\n\n\tif (eng_all_running) {\n\t\tthis.$api.variables.set(\"K:ENGINE_AUTO_SHUTDOWN\", \"Number\", 1);\n\t} else {\n\t\tthis.$api.variables.set(\"K:ENGINE_AUTO_START\", \"Number\", 1);\n\t}\n});\n\nstate(() =\u003e {\n\tif (eng_number \u003e eng_count) {\n\t\treturn \u0027mdi:engine-outline:ENG \u0027 + eng_number + \u0027\u003cbr/\u003eU/A\u0027;\n\t}\n\n\tconst eng_state = this.$api.variables.get(\"A:ENG COMBUSTION:\" + eng_number, \"Bool\");\n\tconst eng_power = this.eng_power();\n\n\tif (eng_state) {\n\t\treturn \u0027mdi:engine-off:ENG \u0027 + eng_number + \u0027\u003cbr/\u003e\u0027 + eng_power;\n\t} else {\n\t\treturn \u0027mdi:engine:ENG \u0027 + eng_number + \u0027\u003cbr/\u003e\u0027 + eng_power;\n\t}\n});\n\nstyle(() =\u003e {\n\tif (eng_number \u003e eng_count) {\n\t\treturn null;\n\t}\n\n\tconst eng_state = this.$api.variables.get(\"A:ENG COMBUSTION:\" + eng_number, \"Bool\");\n\treturn eng_state ? \u0027active\u0027 : null;\n})\n\ninfo(() =\u003e {\n\tif (eng_number \u003e eng_count) {\n\t\treturn \u0027No Action\u0027;\n\t}\n\n\treturn \u0027All Engines\u003cbr/\u003eOn/Off\u0027;\n});\n\nthis.eng_power = () =\u003e {\n\tlet eng_power;\n\n\tif (eng_number \u003e eng_count) {\n\t\teng_power = \u0027U/A\u0027;\n\t} else {\n\t\tswitch (eng_type) {\n\t\t\tcase 2: // None\n\t\t\tcase 3: // Helo\n\t\t\tdefault: {\n\t\t\t\teng_power = \u0027UKWN\u0027;\n\t\t\t\tbreak;\n\t\t\t}\n\t\t\tcase 0: { // Piston\n\t\t\t\teng_power = this.$api.variables.get(\"A:PROP RPM:\" + eng_number, \"RPM\");\n\t\t\t\teng_power = (Math.round(eng_power * 10) / 10).toFixed(0) + \u0027\u003cbr/\u003eRPM\u0027;\n\t\t\t\tbreak;\n\t\t\t}\n\t\t\tcase 5: // Turboprop\n\t\t\tcase 1: { // Jet\n\t\t\t\teng_power = this.$api.variables.get(\"A:TURB ENG CORRECTED N1:\" + eng_number, \"Percent\");\n\t\t\t\teng_power = (Math.round(eng_power * 10) / 10).toFixed(1) + \u0027%\u0027;\n\t\t\t\tbreak;\n\t\t\t}\n\t\t}\n\t}\n\n\treturn eng_power;\n}","code_css":"","code_html":"","last_edit":1675002803022,"description":"Toggle aircraft engine.","aircraft":null,"creator":"vexfreeze","package":"p42-util-flow-vexfreeze-failbot"}},{"code":"javascript","uid":"0e96cd0c-0b8d-4f74-a5d3-b33fddb6fcb7","short":"mdi:engine","name":"Toggle Engine 4","params":{"tags":"Engines","can_otto":true,"is_template":true,"code_js":"const eng_number = 4; // minimum 1, maximum 4\n\nconst eng_type = this.$api.variables.get(\"A:ENGINE TYPE\", \"Enum\");\nconst eng_count = this.$api.variables.get(\"A:NUMBER OF ENGINES\", \"Number\");\n\nrun(() =\u003e {\n\tif (eng_number \u003e eng_count) {\n\t\treturn;\n\t}\n\n\tlet eng_all_running = true;\n\tfor (let i = 0; i \u003c eng_count; i++) {\n\t\tconst eng_state = this.$api.variables.get(\"A:ENG COMBUSTION:\" + (i + 1), \"Bool\");\n\t\tif (!eng_state) {\n\t\t\teng_all_running = false;\n\t\t}\n\t}\n\n\tif (eng_all_running) {\n\t\tthis.$api.variables.set(\"K:ENGINE_AUTO_SHUTDOWN\", \"Number\", 1);\n\t} else {\n\t\tthis.$api.variables.set(\"K:ENGINE_AUTO_START\", \"Number\", 1);\n\t}\n});\n\nstate(() =\u003e {\n\tif (eng_number \u003e eng_count) {\n\t\treturn \u0027mdi:engine-outline:ENG \u0027 + eng_number + \u0027\u003cbr/\u003eU/A\u0027;\n\t}\n\n\tconst eng_state = this.$api.variables.get(\"A:ENG COMBUSTION:\" + eng_number, \"Bool\");\n\tconst eng_power = this.eng_power();\n\n\tif (eng_state) {\n\t\treturn \u0027mdi:engine-off:ENG \u0027 + eng_number + \u0027\u003cbr/\u003e\u0027 + eng_power;\n\t} else {\n\t\treturn \u0027mdi:engine:ENG \u0027 + eng_number + \u0027\u003cbr/\u003e\u0027 + eng_power;\n\t}\n});\n\nstyle(() =\u003e {\n\tif (eng_number \u003e eng_count) {\n\t\treturn null;\n\t}\n\n\tconst eng_state = this.$api.variables.get(\"A:ENG COMBUSTION:\" + eng_number, \"Bool\");\n\treturn eng_state ? \u0027active\u0027 : null;\n})\n\ninfo(() =\u003e {\n\tif (eng_number \u003e eng_count) {\n\t\treturn \u0027No Action\u0027;\n\t}\n\n\treturn \u0027All Engines\u003cbr/\u003eOn/Off\u0027;\n});\n\nthis.eng_power = () =\u003e {\n\tlet eng_power;\n\n\tif (eng_number \u003e eng_count) {\n\t\teng_power = \u0027U/A\u0027;\n\t} else {\n\t\tswitch (eng_type) {\n\t\t\tcase 2: // None\n\t\t\tcase 3: // Helo\n\t\t\tdefault: {\n\t\t\t\teng_power = \u0027UKWN\u0027;\n\t\t\t\tbreak;\n\t\t\t}\n\t\t\tcase 0: { // Piston\n\t\t\t\teng_power = this.$api.variables.get(\"A:PROP RPM:\" + eng_number, \"RPM\");\n\t\t\t\teng_power = (Math.round(eng_power * 10) / 10).toFixed(0) + \u0027\u003cbr/\u003eRPM\u0027;\n\t\t\t\tbreak;\n\t\t\t}\n\t\t\tcase 5: // Turboprop\n\t\t\tcase 1: { // Jet\n\t\t\t\teng_power = this.$api.variables.get(\"A:TURB ENG CORRECTED N1:\" + eng_number, \"Percent\");\n\t\t\t\teng_power = (Math.round(eng_power * 10) / 10).toFixed(1) + \u0027%\u0027;\n\t\t\t\tbreak;\n\t\t\t}\n\t\t}\n\t}\n\n\treturn eng_power;\n}","code_css":"","code_html":"","last_edit":1675002816112,"description":"Toggle aircraft engine.","aircraft":null,"creator":"vexfreeze","package":"p42-util-flow-vexfreeze-failbot"}}]}