{"app_version":"2022.53.5.22","scripts":[{"code":"javascript","uid":"2568662c-d8b7-4cf7-893d-0663db760380","name":"FailBot","short":"Fail Bot","params":{"code_js":"const config = {\n\tengine: {\n\t\tfailedCondition: {\n\t\t\t1: { variable: \"A:ENG FAILED:1\", type: \"Bool\", value: 1 },\n\t\t\t2: { variable: \"A:ENG FAILED:2\", type: \"Bool\", value: 1 },\n\t\t},\n\t\trunningCondition: {\n\t\t\t1: { variable: \"A:ENG COMBUSTION:1\", type: \"Bool\", value: 1 },\n\t\t\t2: { variable: \"A:ENG COMBUSTION:2\", type: \"Bool\", value: 1 },\n\t\t},\n\t\tfailAction: {\n\t\t\t1: { variable: \"K:TOGGLE_ENGINE1_FAILURE\", type: \"Bool\", value: 1, },\n\t\t\t2: { variable: \"K:TOGGLE_ENGINE2_FAILURE\", type: \"Bool\", value: 1, },\n\t\t},\n\t\tfixAction: {\n\t\t\t1: { variable: \"K:TOGGLE_ENGINE1_FAILURE\", type: \"Bool\", value: 1, },\n\t\t\t2: { variable: \"K:TOGGLE_ENGINE2_FAILURE\", type: \"Bool\", value: 1, },\n\t\t},\n\t},\n\tfuel: {\n\t\toffCondition: {\n\t\t\t1: { variable: \"A:FUEL TANK SELECTOR:1\", type: \"Enum\", value: 0 },\n\t\t\t2: { variable: \"A:FUEL TANK SELECTOR:2\", type: \"Enum\", value: 0 },\n\t\t},\n\t\toffAction: {\n\t\t\t1: { variable: \"K:FUEL_SELECTOR_SET\", type: \"Enum\", value: 0, },\n\t\t\t2: { variable: \"K:FUEL_SELECTOR_2_SET\", type: \"Enum\", value: 0, },\n\t\t},\n\t}\n};\n\nthis.store = {\n\tscript_enabled: true,\n\tintro_message: false,\n\toutro_message: false,\n\tsleeping: false,\n};\n\nconst persisted = this.$api.datastore.import();\nthis.store = persisted ? persisted : this.store;\n\nsettings_define({\n\tsleeping: {\n\t\ttype: \"checkbox\",\n\t\tlabel: \"Sleeping -  fail and fix actions are inactive\",\n\t\tvalue: this.store.sleeping,\n\t\tchanged: (value) =\u003e {\n\t\t\tthis.store.sleeping = value;\n\t\t\tthis.$api.datastore.export(this.store);\n\t\t}\n\t},\n\tintro_message: {\n\t\ttype: \"checkbox\",\n\t\tlabel: \"Send message in chat when FailBot goes online\",\n\t\tvalue: this.store.intro_message,\n\t\tchanged: (value) =\u003e {\n\t\t\tthis.store.intro_message = value;\n\t\t\tthis.$api.datastore.export(this.store);\n\t\t}\n\t},\n\toutro_message: {\n\t\ttype: \"checkbox\",\n\t\tlabel: \"Send message in chat when FailBot goes offline\",\n\t\tvalue: this.store.outro_message,\n\t\tchanged: (value) =\u003e {\n\t\t\tthis.store.outro_message = value;\n\t\t\tthis.$api.datastore.export(this.store);\n\t\t}\n\t}\n});\n\nthis.message = {\n\tonline: () =\u003e {\n\t\tif(this.store.intro_message) {\n\t\t\tconst sleeping = this.store.sleeping ? \"sleeping\" : \"active\";\n\t\t\tthis.$api.twitch.send_message(\"/me FailBot is online and \" + sleeping +  \"!\");\n\t\t}\n\t},\n\toffline: () =\u003e {\n\t\tif(this.store.intro_message) {\n\t\t\tthis.$api.twitch.send_message(\"/me FailBot is going offline!\");\n\t\t}\n\t},\n}\n\nif(this.$api.twitch.is_connected()) {\n\tthis.message.online();\n}\n\ntwitch_connection((state) =\u003e { if(state) this.message.online(); });\n\nscript_message_rcv((caller_reference_name, message, reply_callback) =\u003e {\n\tif(message === \"sleeping\"){\n\t\treply_callback(this.store.sleeping);\n\t\treturn;\n\t}\n\n\tif(message === \"toggle_sleep\"){\n\t\tthis.store.sleeping = !this.store.sleeping;\n\t\tthis.$api.datastore.export(this.store);\n\t\tthis.$api.twitch.send_message(\"/me FailBot is now \" + (this.store.sleeping ? \"sleeping\" : \"active\") +  \"!\");\n\t\treply_callback(this.store.sleeping);\n\t\treturn;\n\t}\n});\n\nexit(() =\u003e {\n\tthis.message.offline();\n\tconsole.log(\"FailBot exited\");\n});\n\nrun(() =\u003e {\n\tthis.store.script_enabled = !this.store.script_enabled;\n\tif(this.store.script_enabled) {\n\t\tif(this.store.intro_message) {\n\t\t\tthis.$api.twitch.send_message(\"/me FailBot is now enabled and \" + (this.store.sleeping ? \"sleeping\" : \"active\") + \"!\");\n\t\t}\n\t} else {\n\t\tif(this.store.outro_message) {\n\t\t\tthis.$api.twitch.send_message(\"/me FailBot is now disabled!\");\n\t\t}\n\t}\n\t\n\tthis.$api.datastore.export(this.store);\n\treturn true;\n});\n\nstate(() =\u003e {\n\tif(this.$api.twitch.is_connected()) {\n\t\treturn !this.store.script_enabled ? \"mdi:comment-off-outline:Fail Bot\" : \"mdi:comment:Fail Bot\"\n\t} else {\t\n\t\treturn \"mdi:wifi-strength-off:Fail Bot\";\n\t}\n});\n\ninfo(() =\u003e {\n\tif(this.$api.twitch.is_connected()) {\n\t\treturn !this.store.script_enabled ? \"FailBot Disabled\" : \"FailBot Enabled\";\n\t} else {\n\t\treturn \"FailBot Unavailable\";\n\t}\n});\n\nstyle(() =\u003e {\n\tif(this.$api.twitch.is_connected()) {\n\t\treturn this.store.script_enabled  ? \"active\" : \"error\";\n\t} else {\n\t\treturn \"error\";\n\t}\n});\n\ntwitch_message((message) =\u003e {\n\tif(this.store.script_enabled \u0026\u0026 message.parameters) {\n\t\tif(message.tags ? message.tags[\"display-name\"] : false) {\n\t\t\tlet reply_prefix = \"@reply-parent-msg-id=\" + message.tags[\"id\"];\n\t\t\tlet msg_params = message.parameters.split(\" \");\n\n\t\t\tswitch(msg_params[0].toLowerCase()){\n\t\t\t\tcase \u0027!commands\u0027:\n\t\t\t\tcase \"!failbot\": {\n\t\t\t\t\tthis.commands.failBot(reply_prefix);\n\t\t\t\t\tbreak;\n\t\t\t\t}\n\t\t\t\t\n\t\t\t\tcase \"!checkengine\": {\n\t\t\t\t\tthis.commands.checkEngine(reply_prefix);\n\t\t\t\t\tbreak;\n\t\t\t\t}\n\n\t\t\t\tcase \"!failengine\": {\n\t\t\t\t\tif(this.store.sleeping){\n\t\t\t\t\t\tthis.commands.sleeping(reply_prefix);\n\t\t\t\t\t\tbreak;\t\t\n\t\t\t\t\t}\n\t\t\t\t\t\n\t\t\t\t\tthis.commands.failEngine(reply_prefix);\n\t\t\t\t\tbreak;\n\t\t\t\t}\n\n\t\t\t\tcase \"!fixengine\": {\n\t\t\t\t\tif(this.store.sleeping){\n\t\t\t\t\t\tthis.commands.sleeping(reply_prefix);\n\t\t\t\t\t\tbreak;\n\t\t\t\t\t}\n\t\t\t\t\n\t\t\t\t\tthis.commands.fixEngine(reply_prefix);\n\t\t\t\t\tbreak;\n\t\t\t\t}\n\t\t\t\t\n\t\t\t\tcase \"!checkfuel\": {\n\t\t\t\t\tthis.commands.checkFuel(reply_prefix);\n\t\t\t\t\tbreak;\n\t\t\t\t}\n\n\t\t\t\tcase \"!fueloff\": {\n\t\t\t\t\tif(this.store.sleeping){\n\t\t\t\t\t\tthis.commands.sleeping(reply_prefix);\n\t\t\t\t\t\tbreak;\t\t\n\t\t\t\t\t}\n\t\t\t\t\t\n\t\t\t\t\tthis.commands.fuelOff(reply_prefix);\n\t\t\t\t\tbreak;\n\t\t\t\t}\n\t\t\t}\n\t\t}\t\t\n\t}\n});\n\nthis.commands = {\n\tfailBot: (reply_prefix) =\u003e {\n\t\tconst msg = [\n\t\t\t\"!checkEngine\",\n\t\t\t\"!failEngine\",\n\t\t\t\"!fixEngine\",\n\t\t\t\"!checkFuel\",\n\t\t\t\"!fuelOff\",\n\t\t];\n\t\t\n\t\tthis.$api.twitch.send_message(\"FailBot: \" + msg.join(\" \"), reply_prefix);\n\t},\n\tsleeping:  (reply_prefix) =\u003e {\n\t\tthis.$api.twitch.send_message(\"FailBot: Sleeping... Zzz...\", reply_prefix);\n\t},\n\tcheckEngine: (reply_prefix) =\u003e {\n\t\tconst engine1 = \"Engine 1 is \" + this.engine.getState(1) + \". \";\n\t\tconst engine2 = \"Engine 2 is \" + this.engine.getState(2) + \". \";\n\t\tthis.$api.twitch.send_message(\"FailBot: \" + engine1 + engine2, reply_prefix);\n\t},\n\tfailEngine: (reply_prefix) =\u003e {\n\t\tif(this.engine.isAnyFailed()) {\n\t\t\tthis.$api.twitch.send_message(\"FailBot: Umm... One engine has already failed\", reply_prefix);\n\t\t\treturn;\n\t\t}\n\t\t\n\t\tif(!this.engine.isAllRunning()) {\n\t\t\tthis.$api.twitch.send_message(\"FailBot: Umm... We really need one at least one engine running\", reply_prefix);\n\t\t\treturn;\n\t\t}\n\t\t\n\t\tconst engineNumber = this.utils.random(1,2);\n\t\tthis.engine.fail(engineNumber);\n\t\tthis.$api.twitch.send_message(\"FailBot: Aye Captain! Failed Engine \" + engineNumber, reply_prefix);\n\t},\n\tfixEngine: (reply_prefix) =\u003e {\n\t\t\tif(!this.engine.isAnyFailed()) {\n\t\t\t\tthis.$api.twitch.send_message(\"FailBot: Umm... All engines are fine\", reply_prefix);\n\t\t\t\treturn;\n\t\t\t}\n\t\n\t\t\tthis.engine.fix(1);\n\t\t\tthis.engine.fix(2);\n\t\t\tthis.$api.twitch.send_message(\"FailBot: Consider it done!\", reply_prefix);\n\t},\n\tcheckFuel: (reply_prefix) =\u003e {\n\t\tconst fuelSelector1 = \"Fuel Selector 1 is \" + this.fuel.getState(1) + \". \";\n\t\tconst fuelSelector2 = \"Fuel Selector 2 is \" + this.fuel.getState(2) + \". \";\n\t\tthis.$api.twitch.send_message(\"FailBot: \" + fuelSelector1 + fuelSelector2, reply_prefix);\n\t},\n\tfuelOff: (reply_prefix) =\u003e {\n\t\tif(!this.engine.isAllRunning()) {\n\t\t\tthis.$api.twitch.send_message(\"FailBot: Umm... We really need one at least one engine running\", reply_prefix);\n\t\t\treturn;\n\t\t}\n\t\t\n\t\tconst fuelSelectorNumber = this.utils.random(1,2);\n\t\tthis.fuel.off(fuelSelectorNumber);\n\t\tthis.$api.twitch.send_message(\"FailBot: Aye Captain! Fuel off for Engine \" + fuelSelectorNumber, reply_prefix);\n\t},\n}\n\nthis.engine = {\n\tisFailed: (engineNumber) =\u003e {\n\t\tconst condition = config.engine.failedCondition[engineNumber];\n\t\tconst value = this.$api.variables.get(condition.variable, condition.type);\n\t\treturn value === condition.value;\n\t},\n\tisRunning: (engineNumber) =\u003e {\n\t\tconst condition = config.engine.runningCondition[engineNumber];\n\t\tconst value = this.$api.variables.get(condition.variable, condition.type);\n\t\treturn value === condition.value;\n\t},\n\tisAllRunning: () =\u003e {\n\t\tif(!this.engine.isRunning(1)) {\n\t\t\treturn false;\n\t\t}\n\t\t\n\t\tif(!this.engine.isRunning(2)) {\n\t\t\treturn false;\n\t\t}\n\t\n\t\treturn true;\n\t},\n\tisAnyFailed: () =\u003e {\n\t\tif(this.engine.isFailed(1)) {\n\t\t\treturn true;\n\t\t}\n\t\t\n\t\tif(this.engine.isFailed(2)) {\n\t\t\treturn true;\n\t\t}\n\t\t\n\t\treturn false;\n\t},\n\tgetState: (engineNumber) =\u003e {\n\t\tif(this.engine.isRunning(engineNumber)) {\n\t\t\treturn \"Running\";\n\t\t}\n\t\n\t\tif(this.engine.isFailed(engineNumber)) {\n\t\t\treturn \"Failed\";\n\t\t}\n\t\n\t\treturn \"Off\";\n\t},\n\tfail: (engineNumber) =\u003e {\n\t\tif(this.engine.isFailed(engineNumber)) {\n\t\t\treturn;\n\t\t}\n\t\n\t\tconst failAction = config.engine.failAction[engineNumber];\n\t\tthis.$api.variables.set( failAction.variable, failAction.type, failAction.value);\n\t},\n\tfix: (engineNumber) =\u003e {\n\t\tif(!this.engine.isFailed(engineNumber)) {\n\t\t\treturn;\n\t\t}\n\t\n\t\tconst fixAction = config.engine.fixAction[engineNumber];\n\t\tthis.$api.variables.set( fixAction.variable, fixAction.type, fixAction.value);\n\t},\n}\n\nthis.fuel = {\n\tisOff: (fuelSelectorNumber) =\u003e {\n\t\tconst condition = config.fuel.offCondition[fuelSelectorNumber];\n\t\tconst value = this.$api.variables.get(condition.variable, condition.type);\n\t\treturn value === condition.value;\n\t},\n\tgetState: (fuelSelectorNumber) =\u003e {\n\t\treturn this.fuel.isOff(fuelSelectorNumber) ? \"Off\" : \"On\";\n\t},\n\toff: (fuelSelectorNumber) =\u003e {\n\t\tconst fuelOffAction = config.fuel.offAction[fuelSelectorNumber];\n\t\tthis.$api.variables.set( fuelOffAction.variable, fuelOffAction.type, fuelOffAction.value);\n\t},\n}\n\nthis.utils = {\n\trandom: (min, max) =\u003e {\n\t\treturn Math.floor(Math.random() * (max - min + 1) + min)\n\t},\n};\n\nconsole.log(\"FailBot loaded\");\n","code_css":"","code_html":"","last_edit":1673091785988,"description":"Fail aircraft components from Twitch chat commands.","tags":"Misc.","reference":"failbot","aircraft":null,"creator":"vexfreeze","package":"p42-util-flow-vexfreeze-failbot"}},{"code":"javascript","uid":"d5eb9925-840e-42d3-84ad-418fb24fb8c1","name":"FailBot Sleep","short":"mdi:sleep-off","params":{"tags":"Misc.","code_js":"let isSleeping = null;\n\nrun(() =\u003e {\n    this.$api.command.script_message_send(\"failbot\", \"toggle_sleep\", () =\u003e { });\n});\n\nstate(() =\u003e {\n    this.$api.command.script_message_send(\"failbot\", \"sleeping\", (sleeping) =\u003e {\n        isSleeping = sleeping;\n    });\n\n    if(isSleeping === null){\n        return;\n    }\n\n    return isSleeping ? \"mdi:sleep\" : \"mdi:checkbox-marked-circle-outline\";\n});\n\ninfo(() =\u003e {\n    if(isSleeping === null){\n        return;\n    }\n\n    return isSleeping ? \"Failures Disabled\" : \"Failures Enabled\";\n});\n\nstyle(() =\u003e {\n    if(isSleeping === null){\n        return;\n    }\n    return isSleeping  ? null : \"active\";\n});","code_css":"","code_html":"","last_edit":1673029561440,"description":"Toggle FailBot sleep","reference":"failbot-sleep","aircraft":null,"creator":"vexfreeze","package":"p42-util-flow-vexfreeze-failbot"}},{"code":"javascript","uid":"ca98ef1d-adb1-4db4-a403-f15898bc945c","short":"mdi:engine-off","params":{"code_js":"const engineNumber = 1;\n\nconst config = {\n\tengine: {\n\t\tfailedCondition: {\n\t\t\t1: { variable: \"A:ENG FAILED:1\", type: \"Bool\", value: 1 },\n\t\t\t2: { variable: \"A:ENG FAILED:2\", type: \"Bool\", value: 1 },\n\t\t},\n\t\trunningCondition: {\n\t\t\t1: { variable: \"A:ENG COMBUSTION:1\", type: \"Bool\", value: 1 },\n\t\t\t2: { variable: \"A:ENG COMBUSTION:2\", type: \"Bool\", value: 1 },\n\t\t},\n\t\tfailAction: {\n\t\t\t1: { variable: \"K:TOGGLE_ENGINE1_FAILURE\", type: \"Bool\", value: 1, },\n\t\t\t2: { variable: \"K:TOGGLE_ENGINE2_FAILURE\", type: \"Enum\", value: 1, },\n\t\t},\n\t\tfixAction: {\n\t\t\t1: { variable: \"K:TOGGLE_ENGINE1_FAILURE\", type: \"Bool\", value: 1, },\n\t\t\t2: { variable: \"K:TOGGLE_ENGINE2_FAILURE\", type: \"Bool\", value: 1, },\n\t\t},\n\t},\n};\n\nrun(() =\u003e {\n\tif(!this.engine.isFailed(engineNumber)){\n\t\tthis.engine.fail(engineNumber);\n\t} else {\n\t\tthis.engine.fix(engineNumber);\n\t}\n});\n\nstate(() =\u003e {\n\tconst isFailed = this.engine.isFailed(engineNumber);\n\tconst engineState = this.engine.getState(engineNumber);\n\treturn (isFailed ? \"mdi:engine-off:\" : \"mdi:engine:\") + \"ENG \" + engineNumber + \" \" + engineState;\n})\n\ninfo(() =\u003e {\n\tconst engineState = this.engine.getState(engineNumber);\n\treturn \"Engine \" + engineNumber + \" \" + engineState;\n})\n\nstyle(() =\u003e {\t\n\tif(this.engine.isRunning(engineNumber)) {\n\t\treturn \"active\";\n\t}\n\n\tif(this.engine.isFailed(engineNumber)) {\n\t\treturn \"error\";\n\t}\n\t\n\treturn null;\n});\n\nthis.engine = {\n\tisFailed: (engineNumber) =\u003e {\n\t\tconst condition = config.engine.failedCondition[engineNumber];\n\t\tconst value = this.$api.variables.get(condition.variable, condition.type);\n\t\treturn value === condition.value;\n\t},\n\tisRunning: (engineNumber) =\u003e {\n\t\tconst condition = config.engine.runningCondition[engineNumber];\n\t\tconst value = this.$api.variables.get(condition.variable, condition.type);\n\t\treturn value === condition.value;\n\t},\n\tgetState: (engineNumber) =\u003e {\n\t\tif(this.engine.isRunning(engineNumber)) {\n\t\t\treturn \"Running\";\n\t\t}\n\t\n\t\tif(this.engine.isFailed(engineNumber)) {\n\t\t\treturn \"Failed\";\n\t\t}\n\t\n\t\treturn \"Off\";\n\t},\n\tfail: (engineNumber) =\u003e {\n\t\tif(this.engine.isFailed(engineNumber)) {\n\t\t\treturn;\n\t\t}\n\t\n\t\tconst failAction = config.engine.failAction[engineNumber];\n\t\tthis.$api.variables.set( failAction.variable, failAction.type, failAction.value);\n\t},\n\tfix: (engineNumber) =\u003e {\n\t\tif(!this.engine.isFailed(engineNumber)) {\n\t\t\treturn;\n\t\t}\n\t\n\t\tconst fixAction = config.engine.fixAction[engineNumber];\n\t\tthis.$api.variables.set( fixAction.variable, fixAction.type, fixAction.value);\n\t},\n}\n","code_css":"","code_html":"","last_edit":1673086740552,"reference":"","description":"Fail or Fix Engine and display Status","tags":"Misc.","aircraft":null,"creator":"vexfreeze","package":"p42-util-flow-vexfreeze-failbot"},"name":"Engine 1 Status"},{"code":"javascript","uid":"9856310c-29e6-47e7-87cd-b181ee6df427","short":"mdi:engine-off","params":{"code_js":"const engineNumber = 2;\n\nconst config = {\n\tengine: {\n\t\tfailedCondition: {\n\t\t\t1: { variable: \"A:ENG FAILED:1\", type: \"Bool\", value: 1 },\n\t\t\t2: { variable: \"A:ENG FAILED:2\", type: \"Bool\", value: 1 },\n\t\t},\n\t\trunningCondition: {\n\t\t\t1: { variable: \"A:ENG COMBUSTION:1\", type: \"Bool\", value: 1 },\n\t\t\t2: { variable: \"A:ENG COMBUSTION:2\", type: \"Bool\", value: 1 },\n\t\t},\n\t\tfailAction: {\n\t\t\t1: { variable: \"K:TOGGLE_ENGINE1_FAILURE\", type: \"Bool\", value: 1, },\n\t\t\t2: { variable: \"K:TOGGLE_ENGINE2_FAILURE\", type: \"Enum\", value: 1, },\n\t\t},\n\t\tfixAction: {\n\t\t\t1: { variable: \"K:TOGGLE_ENGINE1_FAILURE\", type: \"Bool\", value: 1, },\n\t\t\t2: { variable: \"K:TOGGLE_ENGINE2_FAILURE\", type: \"Bool\", value: 1, },\n\t\t},\n\t},\n};\n\nrun(() =\u003e {\n\tif(!this.engine.isFailed(engineNumber)){\n\t\tthis.engine.fail(engineNumber);\n\t} else {\n\t\tthis.engine.fix(engineNumber);\n\t}\n});\n\nstate(() =\u003e {\n\tconst isFailed = this.engine.isFailed(engineNumber);\n\tconst engineState = this.engine.getState(engineNumber);\n\treturn (isFailed ? \"mdi:engine-off:\" : \"mdi:engine:\") + \"ENG \" + engineNumber + \" \" + engineState;\n})\n\ninfo(() =\u003e {\n\tconst engineState = this.engine.getState(engineNumber);\n\treturn \"Engine \" + engineNumber + \" \" + engineState;\n})\n\nstyle(() =\u003e {\t\n\tif(this.engine.isRunning(engineNumber)) {\n\t\treturn \"active\";\n\t}\n\n\tif(this.engine.isFailed(engineNumber)) {\n\t\treturn \"error\";\n\t}\n\t\n\treturn null;\n});\n\nthis.engine = {\n\tisFailed: (engineNumber) =\u003e {\n\t\tconst condition = config.engine.failedCondition[engineNumber];\n\t\tconst value = this.$api.variables.get(condition.variable, condition.type);\n\t\treturn value === condition.value;\n\t},\n\tisRunning: (engineNumber) =\u003e {\n\t\tconst condition = config.engine.runningCondition[engineNumber];\n\t\tconst value = this.$api.variables.get(condition.variable, condition.type);\n\t\treturn value === condition.value;\n\t},\n\tgetState: (engineNumber) =\u003e {\n\t\tif(this.engine.isRunning(engineNumber)) {\n\t\t\treturn \"Running\";\n\t\t}\n\t\n\t\tif(this.engine.isFailed(engineNumber)) {\n\t\t\treturn \"Failed\";\n\t\t}\n\t\n\t\treturn \"Off\";\n\t},\n\tfail: (engineNumber) =\u003e {\n\t\tif(this.engine.isFailed(engineNumber)) {\n\t\t\treturn;\n\t\t}\n\t\n\t\tconst failAction = config.engine.failAction[engineNumber];\n\t\tthis.$api.variables.set( failAction.variable, failAction.type, failAction.value);\n\t},\n\tfix: (engineNumber) =\u003e {\n\t\tif(!this.engine.isFailed(engineNumber)) {\n\t\t\treturn;\n\t\t}\n\t\n\t\tconst fixAction = config.engine.fixAction[engineNumber];\n\t\tthis.$api.variables.set( fixAction.variable, fixAction.type, fixAction.value);\n\t},\n}\n","code_css":"","code_html":"","last_edit":1673087205034,"reference":"","description":"Fail or Fix Engine and display Status","tags":"Misc.","aircraft":null,"creator":"vexfreeze","package":"p42-util-flow-vexfreeze-failbot"},"name":"Engine 2 Status"}]}