{"app_version":"2023.6.2.23","scripts":[{"code":"javascript","uid":"ec2c2d78-0820-49fe-9655-751372815897","name":"RouteBot Refresh","short":"mdi:routes-clock","params":{"tags":"Misc.","description":"","code_js":"run(() =\u003e {\n    this.$api.command.script_message_send(\"routebot\", \"refresh\", () =\u003e { });\n});\n\nstate(() =\u003e {\n    return \"mdi:routes-clock\";\n});\n\ninfo(() =\u003e {\n    return \"Refresh\u003cbr/\u003eRoute\";\n});\n","code_css":"","code_html":"","last_edit":1676757279801,"reference":"routebot-refresh","aircraft":null,"creator":"vexfreeze","package":"p42-util-flow-vexfreeze-routebot"}},{"code":"javascript","uid":"550b4161-7bd7-4117-bc9c-5fcf6d6fcc92","name":"RouteBot","short":"mdi:routes","params":{"tags":"Misc.","description":"","code_js":"const fetch_interval = 60 * 1000;\nconst route_prefix = \u0027Route: \u0027;\n\nlet last_fetch = null;\n\nconst app = this;\n\napp.store = {\n    simbrief_id: null,\n    update_message: true,\n    intro_message: false,\n    outro_message: false,\n    script_enabled: false,\n    route: \"Not loaded from simbrief yet\",\n}\n\nconst persisted = app.$api.datastore.import();\napp.store = persisted ? persisted : app.store;\n\napp.msg_online = () =\u003e (app.store.intro_message ? app.$api.twitch.send_message(\u0027/me RouteBot is online and \u0027 + (app.store.script_enabled ? \u0027active\u0027 : \u0027disabled\u0027) + \u0027!\u0027) : null);\napp.msg_offline = () =\u003e (app.store.outro_message ? app.$api.twitch.send_message(\u0027/me RouteBot is going offline!\u0027) : null);\n\napp.init = () =\u003e {\n    if (app.$api.twitch.is_connected()) {\n        app.msg_online();\n    }\n\n    app.fetchSimBrief();\n}\n\nsettings_define({\n    simbrief_id: {\n        type: \u0027text\u0027,\n        label: \u0027SimBrief id or username\u0027,\n        value: app.store.simbrief_id,\n        changed: (value) =\u003e {\n            app.store.simbrief_id = value;\n            app.$api.datastore.export(app.store);\n        }\n    },\n    update_message: {\n        type: \u0027checkbox\u0027,\n        label: \u0027Send route update in chat\u0027,\n        value: app.store.update_message,\n        changed: (value) =\u003e {\n            app.store.update_message = value;\n            app.$api.datastore.export(app.store);\n        }\n    },\n    intro_message: {\n        type: \u0027checkbox\u0027,\n        label: \u0027Send message in chat when RouteBot goes online\u0027,\n        value: app.store.intro_message,\n        changed: (value) =\u003e {\n            app.store.intro_message = value;\n            app.$api.datastore.export(app.store);\n        }\n    },\n    outro_message: {\n        type: \u0027checkbox\u0027,\n        label: \u0027Send message in chat when RouteBot goes offline\u0027,\n        value: app.store.outro_message,\n        changed: (value) =\u003e {\n            app.store.outro_message = value;\n            app.$api.datastore.export(app.store);\n        }\n    }\n})\n\nscript_message_rcv((caller_reference_name, message, reply_callback) =\u003e {\n    if (message === \"refresh\" \u0026\u0026 app.store.script_enabled) {\n        console.log(\"Refresh\");\n        app.fetchSimBrief();\n    }\n});\n\nrun(() =\u003e {\n    app.store.script_enabled = !app.store.script_enabled;\n    if (app.store.script_enabled) {\n        if (app.store.intro_message) {\n            app.$api.twitch.send_message(\u0027/me RouteBot is now enabled.\u0027);\n            app.fetchSimBrief();\n        }\n    } else {\n        if (app.store.outro_message) {\n            app.$api.twitch.send_message(\u0027/me RouteBot is now disabled!\u0027);\n        }\n    }\n\n    app.$api.datastore.export(app.store);\n    return true;\n});\n\nstate(() =\u003e {\n    return \u0027mdi:routes\u0027;\n})\n\ninfo(() =\u003e {\n    if (this.$api.twitch.is_connected()) {\n        return !this.store.script_enabled ? \u0027RouteBot Disabled\u0027 : \u0027RouteBot Enabled\u0027;\n    } else {\n        return \u0027RouteBot Unavailable\u0027;\n    }\n})\n\nstyle(() =\u003e {\n    if (this.$api.twitch.is_connected()) {\n        return this.store.script_enabled ? \u0027active\u0027 : \u0027error\u0027;\n    } else {\n        return \u0027error\u0027;\n    }\n})\n\ntwitch_message((message) =\u003e {\n    if (app.store.script_enabled \u0026\u0026 message.parameters) {\n        if (message.tags ? message.tags[\"display-name\"] : false) {\n            let reply_prefix = \"@reply-parent-msg-id=\" + message.tags[\"id\"];\n            let msg_params = message.parameters.split(\" \");\n\n            switch (msg_params[0].toLowerCase()) {\n                case \u0027!route\u0027: {\n                    const now = new Date();\n\n                    if (now - last_fetch \u003e fetch_interval) {\n                        app.fetchSimBrief(true, reply_prefix);\n                    } else {\n                        app.$api.twitch.send_message(app.store.route, reply_prefix);\n                    }\n\n                    break;\n                }\n            }\n        }\n    }\n});\n\n// // Navigraph confirmed that webapi endpoint is intended for polling\n// // Disabled until there is a viable solution\n// loop_1hz(() =\u003e {\n//     if (!app.store.script_enabled) {\n//         return;\n//     }\n\n//     const now = new Date();\n//     if (now - last_fetch \u003e fetch_interval) {\n//         app.fetchSimBrief();\n//     }\n// });\n\nexit(() =\u003e {\n    app.msg_offline();\n    console.log(\"RouteBot exited\");\n});\n\napp.fetchSimBrief = (forceMessage, reply_prefix) =\u003e {\n    const id = app.store.simbrief_id;\n\n    if (!id) {\n        console.log(\"No SimBrief id/username set.\");\n        return;\n    }\n\n    const id_type = isNaN(id) ? \"username\" : \"userid\";\n    const url = \u0027https://www.simbrief.com/api/xml.fetcher.php?\u0027 + id_type + \u0027=\u0027 + id + \u0027\u0026json=1\u0027;\n\n    last_fetch = new Date();\n    fetch(url)\n        .then((response) =\u003e response.json())\n        .then((data) =\u003e {\n            if (isEmpty(data) || isEmpty(data.general)) {\n                console.log(\"Failed to get data from SimBrief - check username/id\");\n            } else {\n                app.handleRoute(data, forceMessage, reply_prefix);\n            }\n\n        })\n        .catch((e) =\u003e console.log(\"Error: \" + e));\n}\n\napp.handleRoute = (data, forceMessage, reply_prefix) =\u003e {\n    route = route_prefix\n        + data.origin.icao_code + \u0027/\u0027 + data.origin.plan_rwy + \u0027 \u0027\n        + data.general.route + \u0027 \u0027\n        + data.destination.icao_code + \u0027/\u0027 + data.destination.plan_rwy;\n\n    if (route != app.store.route) {\n        console.log(route);\n        app.store.route = route;\n        app.$api.datastore.export(app.store);\n\n        if (app.store.script_enabled \u0026\u0026 app.store.update_message) {\n            app.$api.twitch.send_message(\"New \" + route, reply_prefix);\n        }\n    } else {\n        console.log(\"No route change\");\n\n        if (app.store.script_enabled \u0026\u0026 forceMessage) {\n            app.$api.twitch.send_message(route, reply_prefix);\n        }\n    }\n}\n\nfunction isEmptyObject(object) {\n    return Object.keys(object).length === 0;\n}\n\nfunction isEmpty(str) {\n    return (str === null || str === \u0027\u0027 || str === undefined || isEmptyObject(str));\n}\n\napp.init();","code_css":"","code_html":"","last_edit":1676811162125,"reference":"routebot","aircraft":null,"creator":"vexfreeze","package":"p42-util-flow-vexfreeze-routebot"}}]}