{"app_version":"2023.6.2.23","scripts":[{"code":"javascript","uid":"3467a5a8-fd51-4b4e-a8f3-ecb55c4f92a5","name":"RouteBot","short":"mdi:routes","params":{"tags":"Misc.","description":"","code_js":"const fetch_interval_seconds = 60;\nconst route_message = \u0027Route: \u0027;\nlet route_data = \"Not loaded from simbrief yet\";\n\nlet last_fetch = null;\n\nconst app = this;\n\napp.store = {\n    script_enabled: false,\n    intro_message: false,\n    outro_message: false,\n    simbrief_id: null,\n}\n\nconst persisted = app.$api.datastore.import();\napp.store = persisted ? persisted : app.store;\n\napp.msg_online = () =\u003e (app.store.intro_message ? app.$api.twitch.send_message(\u0027/me RouteBot is online and \u0027 + (app.store.script_enabled ? \u0027active\u0027 : \u0027disabled\u0027) + \u0027!\u0027) : null);\napp.msg_offline = () =\u003e (app.store.outro_message ? app.$api.twitch.send_message(\u0027/me RouteBot is going offline!\u0027) : null);\n\nif (app.$api.twitch.is_connected()) app.msg_online();\n\nsettings_define({\n    simbrief_id: {\n        type: \u0027text\u0027,\n        label: \u0027SimBrief id or username\u0027,\n        value: app.store.simbrief_id,\n        changed: (value) =\u003e {\n            app.store.simbrief_id = value;\n            app.$api.datastore.export(app.store);\n        }\n    },\n    intro_message: {\n        type: \u0027checkbox\u0027,\n        label: \u0027Send message in chat when RouteBot goes online\u0027,\n        value: app.store.intro_message,\n        changed: (value) =\u003e {\n            app.store.intro_message = value;\n            app.$api.datastore.export(app.store);\n        }\n    },\n    outro_message: {\n        type: \u0027checkbox\u0027,\n        label: \u0027Send message in chat when RouteBot goes offline\u0027,\n        value: app.store.outro_message,\n        changed: (value) =\u003e {\n            app.store.outro_message = value;\n            app.$api.datastore.export(app.store);\n        }\n    }\n})\n\nscript_message_rcv((caller_reference_name, message, reply_callback) =\u003e {\n    if (message === \"refresh\" \u0026\u0026 app.store.script_enabled) {\n        app.fetchSimBrief();\n    }\n});\n\nrun(() =\u003e {\n    app.store.script_enabled = !app.store.script_enabled;\n    if (app.store.script_enabled) {\n        if (app.store.intro_message) {\n            app.$api.twitch.send_message(\u0027/me RouteBot is now enabled.\u0027);\n            app.fetchSimBrief();\n        }\n    } else {\n        if (app.store.outro_message) {\n            app.$api.twitch.send_message(\u0027/me RouteBot is now disabled!\u0027);\n        }\n    }\n\n    app.$api.datastore.export(app.store);\n    return true;\n});\n\nstate(() =\u003e {\n    return \u0027mdi:routes\u0027;\n})\n\ninfo(() =\u003e {\n    if (this.$api.twitch.is_connected()) {\n        return !this.store.script_enabled ? \u0027RouteBot Disabled\u0027 : \u0027RouteBot Enabled\u0027;\n    } else {\n        return \u0027RouteBot Unavailable\u0027;\n    }\n})\n\nstyle(() =\u003e {\n    if (this.$api.twitch.is_connected()) {\n        return this.store.script_enabled ? \u0027active\u0027 : \u0027error\u0027;\n    } else {\n        return \u0027error\u0027;\n    }\n})\n\ntwitch_message((message) =\u003e {\n    if (app.store.script_enabled \u0026\u0026 message.parameters) {\n        if (message.tags ? message.tags[\"display-name\"] : false) {\n            let reply_prefix = \"@reply-parent-msg-id=\" + message.tags[\"id\"];\n            let msg_params = message.parameters.split(\" \");\n\n            switch (msg_params[0].toLowerCase()) {\n                case \u0027!route\u0027: {\n                    app.$api.twitch.send_message(route_data, reply_prefix);\n                    break;\n                }\n            }\n        }\n    }\n});\n\nloop_1hz(() =\u003e {\n    if (!app.store.script_enabled) {\n        return;\n    }\n\n    const now = new Date();\n    if (now - last_fetch \u003e fetch_interval_seconds * 1000) {\n        app.fetchSimBrief();\n    }\n});\n\nexit(() =\u003e {\n    app.msg_offline();\n    console.log(\"RouteBot exited\");\n});\n\napp.fetchSimBrief = () =\u003e {\n    const id = app.store.simbrief_id;\n\n    if (!id) {\n        console.log(\"No SimBrief id/username set.\");\n        return;\n    }\n\n    const id_type = isNaN(id) ? \"username\" : \"userid\";\n    const url = \u0027https://www.simbrief.com/api/xml.fetcher.php?\u0027 + id_type + \u0027=\u0027 + id + \u0027\u0026json=1\u0027;\n\n    last_fetch = new Date();\n    fetch(url)\n        .then((response) =\u003e response.json())\n        .then((data) =\u003e {\n            if (isEmpty(data) || isEmpty(data.general)) {\n                console.log(\"Failed to get data from SimBrief - check username/id\");\n            } else {\n                app.setRoute(data);\n            }\n\n        })\n        .catch((e) =\u003e console.log(\"Error: \" + e));\n}\n\napp.setRoute = (data) =\u003e {\n    const previous_route_data = route_data;\n\n    route_data = route_message\n        + data.origin.icao_code + \u0027/\u0027 + data.origin.plan_rwy + \u0027 \u0027\n        + data.general.route + \u0027 \u0027\n        + data.destination.icao_code + \u0027/\u0027 + data.destination.plan_rwy;\n\n    if (previous_route_data != route_data) {\n        console.log(route_data);\n        app.$api.twitch.send_message(route_data);\n    } else {\n        console.log(\"No route change\");\n    }\n}\n\nfunction isEmptyObject(object) {\n    return Object.keys(object).length === 0;\n}\n\nfunction isEmpty(str) {\n    return (str === null || str === \u0027\u0027 || str === undefined || isEmptyObject(str));\n}\n","code_css":"","code_html":"","last_edit":1676757389286,"reference":"routebot","aircraft":null,"creator":"vexfreeze","package":"p42-util-flow-vexfreeze-routebot"}},{"code":"javascript","uid":"a9a3e50a-5c03-4885-94d1-eea60aadeb43","name":"RouteBot Refresh","short":"mdi:routes-clock","params":{"tags":"Misc.","description":"","code_js":"run(() =\u003e {\n    this.$api.command.script_message_send(\"routebot\", \"refresh\", () =\u003e { });\n});\n\nstate(() =\u003e {\n    return \"mdi:routes-clock\";\n});\n\ninfo(() =\u003e {\n    return \"Refresh\u003cbr/\u003eRoute\";\n});\n","code_css":"","code_html":"","last_edit":1676757279801,"reference":"routebot-refresh","aircraft":null,"creator":"vexfreeze","package":"p42-util-flow-vexfreeze-routebot"}}]}